id,first_name,last_name,email,gender,number,latitude,longitude
1,Shane,Plett,splett0@free.fr,Male,-222,53.3928271,18.3836801
2,Mata,Snead,msnead1@biblegateway.com,Male,-816,51.5141668,-0.1331854
3,Levon,Sammes,lsammes2@woothemes.com,Male,485,51.6561,35.9314
4,Irina,Gourlay,igourlay3@squarespace.com,Female,-434,40.4751843,-8.6970168
5,Brooks,Titlow,btitlow4@java.com,Male,590,49.9800949,19.234704
6,Antons,Culleton,aculleton5@google.com.hk,Male,-832,58.6840661,17.0829438
7,Regine,Emerton,remerton6@mit.edu,Female,-846,32.5746598,-117.0697958
8,Starlin,Laying,slaying7@qq.com,Female,544,-7.8184706,110.3922413
9,Orv,Kempshall,okempshall8@ebay.com,Male,-308,43.817071,125.323544
10,Elizabeth,Joseff,ejoseff9@kickstarter.com,Female,670,-17.72332,-149.3081197
11,Cathee,Eberz,ceberza@hud.gov,Female,-801,16.7054663,121.672666
12,Chiquia,Font,cfontb@seesaa.net,Female,-578,34.8281946,32.4070834
13,Joycelin,Jeste,jjestec@creativecommons.org,Female,18,-8.2138062,114.3521951
14,Leanna,Alway,lalwayd@google.com.br,Female,-577,61.1066573,21.4727058
15,Zea,Spradbrow,zspradbrowe@unc.edu,Female,-779,13.5730766,123.0925437
16,Wendell,Jennions,wjennionsf@arizona.edu,Male,-540,27.615202,113.870729
17,Akim,Fernely,afernelyg@prnewswire.com,Male,-553,38.7726507,-7.502314
18,Dina,Morad,dmoradh@stanford.edu,Female,-983,52.6225919,90.0794098
19,Clarette,Lennarde,clennardei@pcworld.com,Female,-138,31.236833,121.532286
20,Letitia,Tredger,ltredgerj@furl.net,Female,-70,-8.5694,116.1325
21,Jackquelin,Donnan,jdonnank@sourceforge.net,Female,922,38.984289,118.498758
22,Leland,Nehl,lnehll@goo.gl,Male,-410,13.3601931,99.9129845
23,Noe,Ajsik,najsikm@psu.edu,Male,527,50.6927144,16.7525932
24,Emlen,Circuitt,ecircuittn@go.com,Male,117,35.0475045,136.1219714
25,Dov,Passe,dpasseo@reuters.com,Male,-713,12.8207931,-84.2002101
26,Winfield,Kells,wkellsp@netvibes.com,Male,92,59.1102039,9.6759643
27,Udall,Mac Giany,umacgianyq@cocolog-nifty.com,Male,655,8.3412493,-77.2175223
28,Curcio,Dimmick,cdimmickr@tripod.com,Male,650,47.3591366,2.8002946
29,Linzy,Kemp,lkemps@guardian.co.uk,Female,131,35.38808,36.13439
30,Ellery,Vince,evincet@cyberchimps.com,Male,821,-16.4981761,-69.1014935
31,Rodney,Spence,rspenceu@indiegogo.com,Male,499,-8.1830575,113.9358031
32,Ree,Minker,rminkerv@storify.com,Female,-999,7.55633,99.61141
33,Saxe,Assante,sassantew@goo.gl,Male,-420,7.1270158,125.8973301
34,Filberte,Yurinov,fyurinovx@squarespace.com,Male,-88,-9.3294895,125.2697802
35,Toinette,Sidgwick,tsidgwicky@cargocollective.com,Female,636,14.0412181,122.9421882
36,Derick,Bouttell,dbouttellz@sourceforge.net,Male,-987,-6.2194518,107.2991511
37,Derril,O'Sheeryne,dosheeryne10@unc.edu,Male,50,47.8840341,29.3465596
38,Trstram,Keyme,tkeyme11@chron.com,Male,-456,-7.9017349,112.5632485
39,Myrtice,Lynnitt,mlynnitt12@blinklist.com,Female,946,50.50505,16.74043
40,Ned,Jeaves,njeaves13@wiley.com,Male,663,49.1656853,16.7861155
41,Thorny,Troke,ttroke14@google.com,Male,594,37.4749019,70.6142436
42,Daveen,Stevenson,dstevenson15@youtube.com,Female,-485,-30.5454936,-52.5257016
43,Mata,Jellard,mjellard16@adobe.com,Male,-339,15.2113128,120.0278872
44,Lyn,Callicott,lcallicott17@redcross.org,Male,211,-4.7695926,-40.5112755
45,Carie,Sam,csam18@privacy.gov.au,Female,959,42.7751413,59.6122792
46,Corine,Duffet,cduffet19@google.pl,Female,271,38.1481953,22.3558193
47,Patience,Pinnere,ppinnere1a@abc.net.au,Female,749,14.514787,-87.3996765
48,Pattin,Blackborough,pblackborough1b@japanpost.jp,Male,603,5.4459387,10.0471549
49,Hyacintha,McCorrie,hmccorrie1c@over-blog.com,Female,-237,-0.6311749,100.1192169
50,Parnell,Kellaway,pkellaway1d@craigslist.org,Male,-623,49.7514502,6.4641645
51,Land,Morfey,lmorfey1e@toplist.cz,Male,301,-7.9821907,-38.2893787
52,Georgi,Duny,gduny1f@theglobeandmail.com,Male,-841,39.068035,20.6971047
53,Jon,Coare,jcoare1g@booking.com,Male,-382,46.9067373,19.691788
54,Priscilla,Sharratt,psharratt1h@behance.net,Female,-29,43.8322875,25.9534752
55,Sunny,Delamere,sdelamere1i@goo.ne.jp,Male,-625,14.6333181,-90.6703399
56,Oralee,Reader,oreader1j@indiegogo.com,Female,743,-36.9532166,-73.017378
57,Shalne,Gadman,sgadman1k@spiegel.de,Female,517,-7.7474,114.0409
58,Flori,Gisborne,fgisborne1l@g.co,Female,631,28.3079856,117.697041
59,Glynn,Trigg,gtrigg1m@economist.com,Male,-193,51.8321777,85.7788422
60,Miranda,Peppett,mpeppett1n@shinystat.com,Female,54,-6.0189936,-38.7368187
61,Rochette,O'Lennachain,rolennachain1o@bluehost.com,Female,-877,28.615201,89.493117
62,Madelle,Kalker,mkalker1p@hibu.com,Female,-73,43.7755615,23.7246154
63,Quill,Hawick,qhawick1q@tiny.cc,Male,-381,37.5092473,140.9723283
64,Cos,Haughin,chaughin1r@bloglovin.com,Male,-63,29.6252177,-95.2208569
65,Leoine,Hellin,lhellin1s@kickstarter.com,Female,343,45.304073,130.980894
66,Lotte,MacDermand,lmacdermand1t@tinyurl.com,Female,754,43.1557012,22.5856811
67,Raine,Twinn,rtwinn1u@apache.org,Female,88,-21.7112092,165.8299327
68,Sherwin,Lynas,slynas1v@multiply.com,Male,-360,26.443249,107.253334
69,Jerome,Gourdon,jgourdon1w@omniture.com,Male,-188,-6.8083456,105.6735131
70,Gillian,Dradey,gdradey1x@guardian.co.uk,Female,-173,51.5363109,24.8942909
71,Philbert,Cutcliffe,pcutcliffe1y@msn.com,Male,68,22.948016,113.366904
72,Sheffield,Gurnay,sgurnay1z@webs.com,Male,186,6.8117856,101.1843887
73,Margareta,Killingsworth,mkillingsworth20@nhs.uk,Female,-544,53.8446847,18.9605242
74,Meryl,Moran,mmoran21@meetup.com,Male,-645,39.0277832,-94.6557914
75,Opalina,Aikin,oaikin22@yolasite.com,Female,-216,47.3752386,-0.8453268
76,Marika,Hodgins,mhodgins23@prweb.com,Female,-992,40.9981633,47.8699826
77,Robert,Manske,rmanske24@illinois.edu,Male,-233,48.8478808,2.5525914
78,Killie,Freebury,kfreebury25@cisco.com,Male,-175,14.2157645,109.1166566
79,Hattie,Januszkiewicz,hjanuszkiewicz26@scientificamerican.com,Female,252,9.316446,16.1610343
80,Chandal,Gersam,cgersam27@shinystat.com,Female,697,40.5529581,44.9105417
81,June,Feitosa,jfeitosa28@ow.ly,Female,325,48.627474,2.5921846
82,Francesco,Hurdwell,fhurdwell29@nature.com,Male,-340,29.1082924,119.6364468
83,Giustino,Cornforth,gcornforth2a@thetimes.co.uk,Male,284,47.015529,-68.1429749
84,Tam,Swapp,tswapp2b@noaa.gov,Male,-657,39.202804,113.117269
85,Valentine,Heggs,vheggs2c@elpais.com,Male,792,40.862786,-8.4731932
86,Worth,Lochet,wlochet2d@ted.com,Male,-521,29.7905037,72.1747127
87,Morey,Glidder,mglidder2e@blogger.com,Male,-803,36.57863,114.114634
88,Sasha,Bramo,sbramo2f@ow.ly,Male,249,55.6789638,12.5383906
89,Colet,Kilmister,ckilmister2g@engadget.com,Male,-949,32.661925,120.601922
90,Lancelot,Girardez,lgirardez2h@weather.com,Male,456,51.9301973,19.4450042
91,Marijn,Sumption,msumption2i@zimbio.com,Male,572,-8.7517433,122.0183914
92,Marina,Cescoti,mcescoti2j@yale.edu,Female,390,-22.7106685,-43.5522256
93,Randell,Gush,rgush2k@nyu.edu,Male,22,34.41096,36.75879
94,Teresina,Seys,tseys2l@wikia.com,Female,630,7.9076232,-80.4256976
95,Jodie,Hearnshaw,jhearnshaw2m@angelfire.com,Male,-850,26.694208,115.939083
96,Babbette,Rock,brock2n@xrea.com,Female,-125,18.5769276,100.2151578
97,Aurel,Wisson,awisson2o@hhs.gov,Female,-625,26.641315,100.222545
98,Martin,Mattielli,mmattielli2p@oakley.com,Male,170,48.8466523,2.2582125
99,Jeffrey,Livezley,jlivezley2q@wordpress.com,Male,724,43.817071,125.323544
100,Rafaelita,Crotty,rcrotty2r@google.com.au,Female,-73,36.13848,36.61247
101,Lewes,Claypole,lclaypole2s@zimbio.com,Male,958,13.2317498,123.7702587
102,Loni,Brade,lbrade2t@about.me,Female,-643,-6.534094,111.0341183
103,Rutger,Grimsdike,rgrimsdike2u@businesswire.com,Male,-769,7.6988579,-72.3607108
104,Prudi,World,pworld2v@indiatimes.com,Female,-870,52.0825062,4.8461786
105,Tarrah,Spaduzza,tspaduzza2w@zimbio.com,Female,526,50.6514963,21.2602765
106,Kenneth,Thorley,kthorley2x@wikispaces.com,Male,775,9.2610914,0.7770529
107,Verna,Gay,vgay2y@ca.gov,Female,54,45.300292,4.2531745
108,Sib,Rizzolo,srizzolo2z@de.vu,Female,-241,45.41675,-71.6324
109,Flori,Lapree,flapree30@printfriendly.com,Female,458,14.8548457,105.0791228
110,Joachim,Hyndes,jhyndes31@uol.com.br,Male,-60,-32.966145,-60.657848
111,Nestor,Neely,nneely32@sphinn.com,Male,950,27.6486636,84.4172666
112,Marissa,Antognozzii,mantognozzii33@sourceforge.net,Female,470,55.5099217,86.1521385
113,June,Macak,jmacak34@pagesperso-orange.fr,Female,-916,-7.9211147,111.4946618
114,Ferrell,Rouchy,frouchy35@slideshare.net,Male,558,43.372464,128.2323169
115,Laverne,Connow,lconnow36@flickr.com,Female,-457,29.985295,122.207215
116,Harv,Lealle,hlealle37@nymag.com,Male,-214,14.4349111,102.1632718
117,Launce,Valance,lvalance38@quantcast.com,Male,297,34.8809639,44.6207633
118,Crawford,Pecha,cpecha39@scribd.com,Male,673,9.8566537,123.1426191
119,Gates,Finlay,gfinlay3a@businessinsider.com,Female,-267,58.0250234,14.4700948
120,Frants,Worrill,fworrill3b@people.com.cn,Male,-215,39.7702467,21.1828612
121,Deena,Cheer,dcheer3c@ucoz.ru,Female,274,56.0660092,12.7332992
122,Zebadiah,Pahl,zpahl3d@flavors.me,Male,-992,63.4400274,10.4024274
123,Leonora,Epinoy,lepinoy3e@wp.com,Female,920,20.4668679,45.5629394
124,Arnie,Ozintsev,aozintsev3f@xing.com,Male,-985,17.0852216,120.8681069
125,Harrison,Cud,hcud3g@ft.com,Male,935,-6.4185424,106.8502879
126,Maybelle,Swigger,mswigger3h@oakley.com,Female,-578,32.060255,118.796877
127,Lonee,Meddemmen,lmeddemmen3i@soundcloud.com,Female,-894,43.8313297,17.503469
128,Massimo,Brunetti,mbrunetti3j@alibaba.com,Male,-914,34.329605,108.708991
129,Finn,McCartney,fmccartney3k@sphinn.com,Male,-46,41.6569962,-8.4356533
130,Elly,Fibbens,efibbens3l@ed.gov,Female,-686,29.990745,121.49591
131,Barr,Herculeson,bherculeson3m@amazon.com,Male,-406,47.8569408,39.9593673
132,Stavros,Verring,sverring3n@vk.com,Male,529,50.8305647,33.8815261
133,Alexa,Fleote,afleote3o@tripod.com,Female,-41,38.540644,141.064362
134,Wyn,Newvill,wnewvill3p@cbsnews.com,Male,-720,-18.4476442,-50.4551598
135,Warden,Mealham,wmealham3q@apple.com,Male,-463,32.868426,120.320328
136,Edd,Rawlence,erawlence3r@symantec.com,Male,-155,-8.6738819,115.2096864
137,Quincy,Spilling,qspilling3s@t-online.de,Male,680,40.3510997,44.3714277
138,Cirstoforo,Shovlin,cshovlin3t@noaa.gov,Male,173,43.7616313,-79.5209994
139,Mervin,Clymo,mclymo3u@ed.gov,Male,553,26.497765,101.738528
140,Culver,Spaldin,cspaldin3v@last.fm,Male,746,42.319384,-85.1872878
141,Isidore,Trethewey,itrethewey3w@liveinternet.ru,Male,-475,10.4312095,-68.8928558
142,Ashbey,Paxforde,apaxforde3x@123-reg.co.uk,Male,836,-26.2922169,28.205089
143,Hurlee,Raden,hraden3y@example.com,Male,205,1.547829,110.341564
144,Abigail,Newbold,anewbold3z@bandcamp.com,Female,-891,50.3539812,13.8033551
145,Clerc,Bixley,cbixley40@odnoklassniki.ru,Male,-142,29.963494,118.331054
146,Carolynn,Towne,ctowne41@home.pl,Female,-586,43.66004,7.214993
147,Elden,Glenwright,eglenwright42@pbs.org,Male,-641,14.024307,35.3685679
148,Levon,Campos,lcampos43@theglobeandmail.com,Male,-163,6.3716474,2.0763253
149,Thorn,Cuss,tcuss44@geocities.com,Male,698,25.435964,119.110257
150,Manda,Bondesen,mbondesen45@go.com,Female,-201,-10.7731,123.0326
151,Trent,Cudworth,tcudworth46@nba.com,Male,63,44.8178615,-0.2498116
152,Millicent,Cousin,mcousin47@accuweather.com,Female,447,49.7147663,19.4759489
153,Roana,Sparshatt,rsparshatt48@cbslocal.com,Female,-948,40.2295229,-8.5664387
154,Arlinda,Presnail,apresnail49@columbia.edu,Female,-704,49.3268319,44.018505
155,Alexandr,Hoggetts,ahoggetts4a@cam.ac.uk,Male,221,-7.3198199,112.7420274
156,Rutter,O'Teague,roteague4b@comsenz.com,Male,-594,48.7277622,100.7724281
157,Loydie,Davers,ldavers4c@pen.io,Male,957,-10.3931514,39.1361568
158,Blaine,Shevill,bshevill4d@booking.com,Male,-93,33.6781963,-118.0127534
159,Kaycee,Sanja,ksanja4e@seesaa.net,Female,318,-19.3352322,30.1791357
160,Cedric,Szanto,cszanto4f@independent.co.uk,Male,196,32.7324624,36.0621579
161,Holmes,Runsey,hrunsey4g@naver.com,Male,-95,13.09573,103.2022055
162,Rafferty,Armit,rarmit4h@cmu.edu,Male,-592,1.5245894,110.3127541
163,Mariellen,Ellcock,mellcock4i@google.cn,Female,284,11.8334463,-86.1662742
164,Charlotta,Moroney,cmoroney4j@baidu.com,Female,952,38.6093672,-8.887687
165,Barb,Mowne,bmowne4k@redcross.org,Female,-22,-6.4222,106.0889
166,Melita,McCarty,mmccarty4l@arstechnica.com,Female,44,59.4369608,24.7535747
167,Marlena,Gerleit,mgerleit4m@shareasale.com,Female,901,48.8428574,-123.7044012
168,Heidi,Collacombe,hcollacombe4n@eventbrite.com,Female,717,8.6144269,-71.6554692
169,Yovonnda,Eastup,yeastup4o@theatlantic.com,Female,-403,25.664461,116.760392
170,Annemarie,Lurriman,alurriman4p@godaddy.com,Female,-463,-8.3162857,124.3654402
171,Thaine,Dawbury,tdawbury4q@ameblo.jp,Male,-443,15.7377569,120.6348716
172,Jasper,Taillard,jtaillard4r@umn.edu,Male,-209,50.5982316,17.3802606
173,Chandra,Sheron,csheron4s@discovery.com,Female,443,16.8991985,121.7075195
174,Ragnar,Coventon,rcoventon4t@topsy.com,Male,793,-6.1827598,106.8270521
175,Broddie,Rapi,brapi4u@yellowbook.com,Male,-771,48.7381259,2.3536083
176,Erik,Cullon,ecullon4v@biglobe.ne.jp,Male,-538,-13.4605423,24.9932143
177,Jammal,McGettigan,jmcgettigan4w@xinhuanet.com,Male,261,39.109563,117.223371
178,Gauthier,Bielfelt,gbielfelt4x@spiegel.de,Male,482,13.9734064,121.6889505
179,Sayre,McLagain,smclagain4y@list-manage.com,Female,-535,40.6073164,46.7807131
180,Claudina,Derry,cderry4z@imgur.com,Female,-275,-2.9218531,29.6252858
181,Parrnell,Buchanan,pbuchanan50@ifeng.com,Male,36,48.0270746,-1.7307558
182,Noach,Sillett,nsillett51@people.com.cn,Male,415,55.8817076,37.720392
183,Orelie,Crosson,ocrosson52@comcast.net,Female,-434,-31.3950849,-64.2390612
184,Levin,Kerwin,lkerwin53@aol.com,Male,236,28.39571,107.752611
185,Adele,Bassill,abassill54@linkedin.com,Female,462,15.399652,120.5982723
186,Ludvig,Campling,lcampling55@pcworld.com,Male,245,24.960385,118.386279
187,Koren,Creeboe,kcreeboe56@ft.com,Female,-430,-0.6186619,-80.4273644
188,Noel,Box,nbox57@goo.ne.jp,Male,-46,14.3537237,121.0665877
189,Ossie,Denyakin,odenyakin58@lycos.com,Male,618,30.8861589,104.2532768
190,Lorrin,Antonio,lantonio59@umn.edu,Female,-209,14.6539775,121.0288525
191,Bettye,Cowling,bcowling5a@reddit.com,Female,-593,-2.5482448,115.4452197
192,Mikael,Bawcock,mbawcock5b@abc.net.au,Male,447,60.4165735,24.3256379
193,Manny,Francais,mfrancais5c@sakura.ne.jp,Male,230,37.1073284,-8.7960152
194,Ray,Carr,rcarr5d@soup.io,Male,362,-29.1294007,-56.5481122
195,Zia,Cardenoso,zcardenoso5e@msn.com,Female,770,39.4643574,21.6928339
196,Findley,Smout,fsmout5f@cocolog-nifty.com,Male,490,47.2806309,39.7431061
197,Don,Besemer,dbesemer5g@delicious.com,Male,-714,28.582106,88.268778
198,Leesa,Pimlock,lpimlock5h@newsvine.com,Female,595,-7.4250762,108.2822389
199,Linnet,Crosoer,lcrosoer5i@alexa.com,Female,637,6.3203695,7.4083958
200,Artemas,Bodimeade,abodimeade5j@illinois.edu,Male,891,14.5024732,120.9921722
201,Evania,Mallen,emallen5k@ovh.net,Female,705,38.5866475,-8.923424
202,Sallee,Goble,sgoble5l@seattletimes.com,Female,-652,34.6718873,133.8964708
203,Cesaro,Broadwood,cbroadwood5m@simplemachines.org,Male,949,63.7435338,53.7021347
204,Sayer,Frankowski,sfrankowski5n@rakuten.co.jp,Male,-56,6.7987866,124.6192703
205,Brandtr,Saltsberger,bsaltsberger5o@smh.com.au,Male,-653,57.7230291,11.9323841
206,Will,Balazin,wbalazin5p@reddit.com,Male,-200,41.6704519,-4.7135268
207,Nikolas,Sharpe,nsharpe5q@exblog.jp,Male,954,12.1862546,18.6917922
208,Marijo,Pitcock,mpitcock5r@mozilla.org,Female,-234,45.9891389,-67.2412221
209,Panchito,Skaif,pskaif5s@dmoz.org,Male,-724,32.4464635,62.1454133
210,Laughton,Brien,lbrien5t@cnbc.com,Male,845,37.9253691,23.7006539
211,Charin,Portigall,cportigall5u@storify.com,Female,-98,51.5742615,5.0840393
212,Alexandro,Jamme,ajamme5v@com.com,Male,-314,26.1226062,50.534262
213,Gabriel,Adey,gadey5w@cloudflare.com,Female,578,65.691125,-18.1061726
214,Elsy,Bortoletti,ebortoletti5x@salon.com,Female,414,15.9468176,120.6278685
215,Lanny,Brydone,lbrydone5y@delicious.com,Female,-682,9.9889044,-84.2364028
216,Granger,Robotham,grobotham5z@marketwatch.com,Male,705,37.429832,110.88907
217,Damaris,Issard,dissard60@twitpic.com,Female,872,43.6190257,16.7236298
218,Eran,Graves,egraves61@wsj.com,Female,-50,-18.1661375,-47.944531
219,Esma,Kayzer,ekayzer62@ucla.edu,Female,-900,45.054478,7.6579399
220,Brendis,Shafier,bshafier63@fda.gov,Male,-608,10.7497,122.616
221,Kiah,Baldi,kbaldi64@hhs.gov,Female,289,55.84069,55.40834
222,Sula,Petchell,spetchell65@independent.co.uk,Female,-202,55.7393377,37.6642542
223,Grady,Tellenbroker,gtellenbroker66@arstechnica.com,Male,989,49.4382375,1.0598119
224,Janifer,Wheatcroft,jwheatcroft67@google.com.br,Female,-276,-20.8878921,55.4247503
225,Armand,Dumbrall,adumbrall68@cam.ac.uk,Male,-639,24.908293,102.650211
226,Asher,Bartalucci,abartalucci69@g.co,Male,-248,10.133099,125.182333
227,Seward,Baskett,sbaskett6a@dedecms.com,Male,-339,46.4354039,141.859272
228,Maye,O'Dennehy,modennehy6b@phpbb.com,Female,944,57.1130629,60.9303033
229,Bell,Twelvetree,btwelvetree6c@bloomberg.com,Female,280,41.2371977,-8.1638851
230,Winn,Hamshere,whamshere6d@mashable.com,Male,-94,24.690585,115.264971
231,Carlene,Copnall,ccopnall6e@ustream.tv,Female,447,62.9131803,34.4619228
232,Lil,Wasmuth,lwasmuth6f@51.la,Female,-194,44.1618902,18.3268323
233,Guido,Sale,gsale6g@abc.net.au,Male,110,31.871173,121.181615
234,Josias,Manis,jmanis6h@cmu.edu,Male,100,-4.3253636,-40.1526661
235,Corine,Caffery,ccaffery6i@blogger.com,Female,-243,40.9624179,24.5082696
236,Lynett,Gostling,lgostling6j@yellowbook.com,Female,29,47.9962116,-4.1020654
237,Arvie,Sparkes,asparkes6k@baidu.com,Male,691,12.6583137,-87.1672193
238,Benoite,Divina,bdivina6l@japanpost.jp,Female,-753,-27.4955748,-48.6553685
239,Shina,Beevens,sbeevens6m@imdb.com,Female,755,40.62889,20.05389
240,Melessa,Landreth,mlandreth6n@ifeng.com,Female,503,-8.3743886,113.6383187
241,Radcliffe,Ebbetts,rebbetts6o@biglobe.ne.jp,Male,-219,19.3785056,-99.1850598
242,Flynn,Rennick,frennick6p@redcross.org,Male,344,-24.3273656,-50.6139816
243,Aundrea,Nathon,anathon6q@hostgator.com,Female,102,27.976295,104.319304
244,Vance,Bevington,vbevington6r@forbes.com,Male,982,41.0562367,-8.2439651
245,Esme,Pemberton,epemberton6s@nymag.com,Male,-99,40.6563419,70.3658273
246,Claudelle,Fussey,cfussey6t@newsvine.com,Female,-542,6.2958736,101.7296049
247,Mina,Hembry,mhembry6u@reddit.com,Female,55,0.053037,35.729768
248,Ketti,Ainger,kainger6v@vkontakte.ru,Female,-513,41.2681051,-8.308171
249,Reagan,Mouncher,rmouncher6w@nytimes.com,Male,-272,55.8182515,37.3477667
250,Evelina,Shimoni,eshimoni6x@census.gov,Female,407,45.6138162,20.0459853
251,Jinny,Voden,jvoden6y@hatena.ne.jp,Female,477,50.5372159,15.2311161
252,Hana,Waddington,hwaddington6z@angelfire.com,Female,780,45.4560254,9.1257661
253,Cookie,Commings,ccommings70@engadget.com,Female,513,-38.7418721,-62.2206382
254,Brittni,Marjanski,bmarjanski71@comcast.net,Female,968,26.8035682,91.5039207
255,Wilie,Rantoul,wrantoul72@github.com,Female,-924,50.4827,37.8563
256,Fernando,Presland,fpresland73@1688.com,Male,635,17.775429,120.683745
257,Donica,Gounot,dgounot74@apple.com,Female,104,13.3601931,99.9129845
258,Moria,Boat,mboat75@vimeo.com,Female,934,18.4849304,-69.8887766
259,Mellie,Tamblyn,mtamblyn76@oaic.gov.au,Female,994,54.6680772,25.1126281
260,Talbot,Banton,tbanton77@google.pl,Male,-569,49.5438285,18.2789033
261,Jenni,Bolle,jbolle78@yellowpages.com,Female,-949,48.0684339,7.3273853
262,Natty,Arthur,narthur79@blogger.com,Male,742,7.216175,7.5599321
263,Nataniel,Sirmon,nsirmon7a@google.com.br,Male,670,18.2943776,105.6745247
264,Vick,Bachellier,vbachellier7b@wufoo.com,Male,36,31.2122278,-9.7093341
265,Abra,Elliott,aelliott7c@redcross.org,Female,-383,58.249304,57.783316
266,Lukas,Spadazzi,lspadazzi7d@privacy.gov.au,Male,-427,3.1121428,101.6935065
267,Oneida,Marvell,omarvell7e@delicious.com,Female,-73,36.0624707,-86.7768273
268,Tiffany,Pennings,tpennings7f@deviantart.com,Female,-595,-6.9262046,112.1474925
269,Yankee,Cohane,ycohane7g@theguardian.com,Male,-545,-8.3010912,112.1489829
270,Thaine,Lumsdall,tlumsdall7h@nhs.uk,Male,-591,14.3631814,48.9820259
271,Marietta,Whithorn,mwhithorn7i@cpanel.net,Male,-774,14.4588552,121.001601
272,York,Jepps,yjepps7j@admin.ch,Male,-228,33.9255183,-83.9214896
273,Florri,Grisbrook,fgrisbrook7k@abc.net.au,Female,46,-28.7477963,-49.4745059
274,Margaretta,Delete,mdelete7l@pbs.org,Female,158,39.907593,116.47531
275,Roberto,Lanmeid,rlanmeid7m@blogs.com,Male,199,58.629948,25.5572383
276,Boniface,Towriss,btowriss7n@businessinsider.com,Male,570,25.8007724,-100.4277766
277,Halsy,Sutheran,hsutheran7o@fc2.com,Male,-489,31.270307,121.537613
278,Luisa,Beardwood,lbeardwood7p@fc2.com,Female,642,52.7038839,55.8511258
279,Max,Ingreda,mingreda7q@google.com.au,Male,-856,53.771559,38.1392615
280,Morley,Thursfield,mthursfield7r@posterous.com,Male,-146,40.0016242,116.3878492
281,Kerrie,Meco,kmeco7s@naver.com,Female,-371,5.6972693,7.0605998
282,Savina,Elvins,selvins7t@admin.ch,Female,632,57.4909761,12.0585993
283,Hanni,Fessier,hfessier7u@bing.com,Female,563,31.221597,121.409352
284,Tamra,Kidde,tkidde7v@discovery.com,Female,609,25.462039,119.088792
285,Matti,Roseblade,mroseblade7w@imdb.com,Female,-536,39.2008462,125.6765362
286,Michael,Ubsdell,mubsdell7x@pinterest.com,Male,995,46.3102523,38.9634939
287,Rooney,O'Hanley,rohanley7y@mayoclinic.com,Male,952,39.330439,117.575301
288,Alyss,Krzysztof,akrzysztof7z@google.ca,Female,-537,-6.983333,-76.366667
289,Guntar,Feldbrin,gfeldbrin80@microsoft.com,Male,227,57.423063,25.900378
290,Kikelia,Mariotte,kmariotte81@simplemachines.org,Female,-767,29.868336,121.54399
291,Paulie,Toffts,ptoffts82@webmd.com,Female,850,15.0266601,-88.8718935
292,Gusty,Pauls,gpauls83@dagondesign.com,Female,-881,31.035395,112.199427
293,Ailbert,Wakelam,awakelam84@hostgator.com,Male,-902,54.5782648,48.0835847
294,Wayland,Bartosik,wbartosik85@pcworld.com,Male,207,51.0692,114.7465
295,Brear,Bunning,bbunning86@delicious.com,Female,28,26.159433,100.993355
296,Eduardo,Silverthorn,esilverthorn87@diigo.com,Male,458,28.133945,111.656407
297,Dillie,Cashen,dcashen88@china.com.cn,Male,304,-7.6377209,110.3519867
298,Jonathan,Shimwell,jshimwell89@jiathis.com,Male,-785,23.106401,113.459749
299,Candide,Dies,cdies8a@bigcartel.com,Female,490,14.8670094,-88.7722444
300,Randee,Hassey,rhassey8b@mozilla.com,Female,191,34.101082,131.3917159
301,Katina,Ryves,kryves8c@cyberchimps.com,Female,21,54.5017232,17.2685316
302,Linnell,Lain,llain8d@ustream.tv,Female,-316,41.448315,-8.7482341
303,Noelle,Christley,nchristley8e@vistaprint.com,Female,244,32.762022,111.709662
304,Titus,Jowett,tjowett8f@sfgate.com,Male,-233,13.3042145,-86.1828047
305,Shermie,Haydney,shaydney8g@salon.com,Male,574,38.6271104,-9.0346456
306,Miguelita,Gallatly,mgallatly8h@blogs.com,Female,155,7.8182993,122.6727616
307,Prescott,Halgarth,phalgarth8i@t-online.de,Male,-509,38.734814,93.330613
308,Orsola,Manie,omanie8j@posterous.com,Female,-915,23.020673,113.751799
309,Rusty,Spedding,rspedding8k@topsy.com,Male,-515,27.088049,119.647769
310,Cory,Pelham,cpelham8l@delicious.com,Female,-945,50.515804,115.126221
311,Bev,Barde,bbarde8m@virginia.edu,Female,359,9.9748039,-84.0322316
312,Edgar,Cherryman,echerryman8n@multiply.com,Male,-961,-10.5822,121.8062
313,Beauregard,Menicomb,bmenicomb8o@aboutads.info,Male,953,25.49872,119.790168
314,Ailbert,Skurm,askurm8p@blinklist.com,Male,-69,53.0852774,82.3454181
315,Emile,Klementz,eklementz8q@walmart.com,Male,100,10.2933091,22.7822485
316,Lucais,Yurenev,lyurenev8r@buzzfeed.com,Male,12,44.9280296,4.8932938
317,Leonardo,Fardon,lfardon8s@posterous.com,Male,-457,49.681594,83.0180782
318,Bunny,Gowland,bgowland8t@phpbb.com,Female,-677,58.4249288,14.1429834
319,Ruttger,Feaks,rfeaks8u@zdnet.com,Male,661,-24.2670414,-52.7241914
320,Silvio,Bayly,sbayly8v@ucla.edu,Male,-387,50.4127137,22.7432687
321,Micky,Cundy,mcundy8w@deviantart.com,Female,-808,33.011529,114.022298
322,Mallory,Plait,mplait8x@smugmug.com,Male,910,40.7773081,-74.0186386
323,Stephannie,Semark,ssemark8y@ehow.com,Female,-874,26.008257,115.162028
324,Salvador,Billanie,sbillanie8z@pcworld.com,Male,-591,-3.680412,-79.6825275
325,Aubry,Taynton,ataynton90@fotki.com,Female,-114,31.857198,112.180321
326,Burke,Russan,brussan91@shareasale.com,Male,661,-8.7824511,35.8089055
327,Leta,Lambrick,llambrick92@ft.com,Female,293,9.9411601,122.5691915
328,Dukey,Aldus,daldus93@jimdo.com,Male,454,29.6242257,-9.5395357
329,Horacio,Gosnell,hgosnell94@example.com,Male,996,47.221906,-1.605738
330,Allen,Jerams,ajerams95@ocn.ne.jp,Male,633,32.849276,35.068929
331,Marylee,Anchor,manchor96@accuweather.com,Female,-376,65.5966234,22.118526
332,Bud,Couper,bcouper97@usda.gov,Male,-628,18.2712491,-78.0682254
333,Josephine,Pickston,jpickston98@spiegel.de,Female,151,17.8759173,101.6271544
334,Ashbey,Oxborrow,aoxborrow99@w3.org,Male,-707,-27.2786239,28.5155901
335,Maiga,Howick,mhowick9a@gnu.org,Female,-95,39.5558392,2.5941239
336,Jandy,Gerkens,jgerkens9b@multiply.com,Female,-177,-20.3652719,-43.4150073
337,Darsey,Dudill,ddudill9c@intel.com,Female,-162,45.551643,-73.1932647
338,Carney,Hulett,chulett9d@purevolume.com,Male,187,25.419319,118.993885
339,Gustave,Fotheringham,gfotheringham9e@va.gov,Male,322,49.1409438,14.3459973
340,Brewster,Kowalik,bkowalik9f@intel.com,Male,777,42.9107635,20.8386377
341,Idalia,Shorton,ishorton9g@msn.com,Female,128,25.482034,49.5547333
342,Drucy,Adran,dadran9h@wp.com,Female,619,23.157289,113.273288
343,Sallyann,M'cowis,smcowis9i@free.fr,Female,199,53.1892176,50.119277
344,Lock,Cornewall,lcornewall9j@people.com.cn,Male,959,28.564921,93.419886
345,Erl,Tille,etille9k@bravesites.com,Male,-483,14.5005732,120.9926908
346,Saunders,MacArthur,smacarthur9l@reference.com,Male,197,-11.3442564,-75.5655147
347,Yorker,Lucken,ylucken9m@netlog.com,Male,-712,13.9210992,100.5219418
348,Sergeant,Scolding,sscolding9n@arizona.edu,Male,-451,47.0200861,-68.1434963
349,Cleon,Halford,chalford9o@list-manage.com,Male,-587,20.8449115,106.6880841
350,Sibyl,Bouller,sbouller9p@linkedin.com,Female,631,31.3483956,121.3971642
351,Cicily,Scheffel,cscheffel9q@fastcompany.com,Female,-917,43.3177929,-1.9814245
352,Tammara,Brachell,tbrachell9r@webmd.com,Female,123,57.4746374,45.7930516
353,Audry,Tuck,atuck9s@storify.com,Female,357,-6.1078857,106.7791791
354,Peterus,Jantet,pjantet9t@theguardian.com,Male,919,58.5007075,39.1422317
355,Rabi,Tesyro,rtesyro9u@paginegialle.it,Male,-882,39.472976,117.26062
356,Morrie,Haydon,mhaydon9v@businessweek.com,Male,-884,49.12402,-66.49243
357,Eldin,Elders,eelders9w@gmpg.org,Male,-328,29.013167,109.77792
358,Dore,Haug,dhaug9x@si.edu,Female,812,39.898215,116.178179
359,Hillary,Emor,hemor9y@123-reg.co.uk,Male,-641,-34.5054318,-58.5144579
360,Mikael,Nizard,mnizard9z@paginegialle.it,Male,-698,32.637546,109.003167
361,Isiahi,Inde,iindea0@nbcnews.com,Male,559,35.8614715,36.7981073
362,Carley,Brunt,cbrunta1@reddit.com,Female,52,34.4345947,35.8361633
363,Yetta,Eldred,yeldreda2@t.co,Female,189,8.27533,-73.868176
364,Sonya,Rounsivall,srounsivalla3@spotify.com,Female,-373,-23.0939881,-45.6964547
365,Laney,Roxburgh,lroxburgha4@miitbeian.gov.cn,Male,-828,46.4270739,16.5473979
366,Cynthie,Jeaves,cjeavesa5@qq.com,Female,331,37.7466201,23.9055737
367,Franciska,Rhead,frheada6@wix.com,Female,-120,31.491169,120.31191
368,Ursula,Crozier,ucroziera7@senate.gov,Female,-837,-7.068917,108.399785
369,Giovanna,Adicot,gadicota8@icio.us,Female,-889,25.464681,99.541236
370,Jean,Follet,jfolleta9@sciencedirect.com,Female,939,28.572029,109.482078
371,Madge,Nurny,mnurnyaa@trellian.com,Female,-784,-1.0320468,130.5052176
372,Boycie,Faudrie,bfaudrieab@kickstarter.com,Male,-73,51.568154,85.555473
373,Giorgio,Waryk,gwarykac@creativecommons.org,Male,682,60.1128845,22.9535316
374,Amity,Theis,atheisad@nih.gov,Female,210,57.3423349,13.7300442
375,Nil,Amphlett,namphlettae@dot.gov,Male,-438,54.6744703,20.1340172
376,Andy,Rentelll,arentelllaf@home.pl,Male,327,43.1697579,45.3686414
377,Veronica,Filipponi,vfilipponiag@google.co.jp,Female,-822,46.5222421,15.6550008
378,Brooke,Mathews,bmathewsah@dedecms.com,Female,-846,-3.0050767,-47.3535246
379,Irv,Tacey,itaceyai@intel.com,Male,756,5.1079431,8.1789301
380,Nicolis,Peyzer,npeyzeraj@seattletimes.com,Male,796,34.401112,107.759245
381,Corinne,Farrimond,cfarrimondak@bloglines.com,Female,88,37.9904219,23.6583002
382,Guillermo,Ottewell,gottewellal@sfgate.com,Male,717,44.0300904,43.1270513
383,Bram,Hamberstone,bhamberstoneam@youtu.be,Male,-223,33.9616991,113.2193846
384,Reiko,Creany,rcreanyan@furl.net,Female,-784,36.1860016,50.064982
385,Hillary,Mandre,hmandreao@salon.com,Male,79,41.5331853,-8.2524001
386,Kaitlin,Stanbury,kstanburyap@geocities.jp,Female,965,35.0235689,135.971704
387,Cristiano,Seagrove,cseagroveaq@bloomberg.com,Male,83,13.98178,43.59547
388,Kirbee,Thorneloe,kthorneloear@liveinternet.ru,Female,141,-20.5362627,47.2459749
389,Nikola,Uzzell,nuzzellas@guardian.co.uk,Male,-673,-8.613782,125.2052299
390,Eugenia,Kun,ekunat@apple.com,Female,-661,-22.2592565,-50.9706116
391,Haleigh,Peagrim,hpeagrimau@rediff.com,Male,-916,30.04952,101.96231
392,Athene,Yurmanovev,ayurmanovevav@go.com,Female,236,41.9562157,21.7152906
393,Wendel,Henriksson,whenrikssonaw@theglobeandmail.com,Male,671,0.561734,123.0535774
394,Tiler,Fivey,tfiveyax@washington.edu,Male,88,37.1672767,22.8592838
395,Patrice,Golds,pgoldsay@a8.net,Female,-966,41.6102475,-8.7135144
396,Nicolina,Rubinfajn,nrubinfajnaz@blogger.com,Female,980,35.532662,104.52848
397,Michel,Brixey,mbrixeyb0@jigsy.com,Female,648,32.650887,101.505519
398,Perice,M'Chirrie,pmchirrieb1@wikimedia.org,Male,400,38.914003,121.614682
399,Anthia,Carbonell,acarbonellb2@oracle.com,Female,-602,-8.738072,118.1171082
400,Kelci,Uphill,kuphillb3@tiny.cc,Female,616,49.8363158,36.6813123
401,Linzy,Mawman,lmawmanb4@auda.org.au,Female,359,45.3369621,97.9685657
402,Rusty,Hawket,rhawketb5@a8.net,Male,-366,57.7500731,12.9485476
403,Lona,Tolworthie,ltolworthieb6@theatlantic.com,Female,696,55.0615034,59.9082587
404,Gian,Waterdrinker,gwaterdrinkerb7@epa.gov,Male,899,45.521519,3.5276642
405,Artus,Espinos,aespinosb8@businessinsider.com,Male,-953,13.81967,100.0601382
406,Trixi,Aldersley,taldersleyb9@alibaba.com,Female,29,59.4226704,17.8334683
407,Linette,Joder,ljoderba@guardian.co.uk,Female,-708,51.441874,6.886548
408,Maryjo,Vorley,mvorleybb@nydailynews.com,Female,-997,50.1304906,16.1867635
409,Shelby,Gaskall,sgaskallbc@mail.ru,Male,760,31.1446955,118.575306
410,Viole,Poff,vpoffbd@springer.com,Female,195,-7.617735,112.4172256
411,Doyle,Petracco,dpetraccobe@springer.com,Male,-27,39.9793657,-75.1253492
412,Bobine,Toulson,btoulsonbf@goo.ne.jp,Female,-211,36.9268274,50.6430658
413,Jarret,Kiwitz,jkiwitzbg@ucla.edu,Male,580,-41.9430504,-71.5298386
414,Dorthea,Belt,dbeltbh@bloglovin.com,Female,-312,16.0406339,120.5903599
415,Andrej,Dunsire,adunsirebi@tripadvisor.com,Male,657,-6.3193858,106.7861804
416,Abbott,Menilove,amenilovebj@shop-pro.jp,Male,612,-11.0073376,-66.058249
417,Karleen,Radolf,kradolfbk@twitter.com,Female,387,53.378253,-6.5853664
418,Gustavus,Brodeur,gbrodeurbl@earthlink.net,Male,-259,-7.532337,109.1374653
419,Dacy,Spohr,dspohrbm@boston.com,Female,-333,16.6500928,121.2238236
420,Ariel,Kendal,akendalbn@opensource.org,Female,-224,4.5557,95.71508
421,Donavon,O'Longain,dolongainbo@sogou.com,Male,-92,14.9445596,103.7983521
422,Robbert,Wandrach,rwandrachbp@marketwatch.com,Male,-566,61.6614104,40.2019954
423,Harlen,Klimkowski,hklimkowskibq@bandcamp.com,Male,165,27.910625,113.692921
424,Millard,Bithell,mbithellbr@rediff.com,Male,256,36.3245823,138.271632
425,Alyce,Bowller,abowllerbs@jalbum.net,Female,712,53.3004898,-6.2634596
426,Storm,Dallas,sdallasbt@yale.edu,Female,-663,-23.5000092,-46.434476
427,Rosana,Sudran,rsudranbu@indiegogo.com,Female,-240,46.2840425,14.349659
428,Shelba,Hillaby,shillabybv@soup.io,Female,-793,49.6439444,30.7841246
429,Francesco,Magner,fmagnerbw@tinyurl.com,Male,563,23.551967,115.539275
430,Maressa,Adshed,madshedbx@java.com,Female,-470,10.8281332,-75.0961549
431,Aloysius,Isham,aishamby@oracle.com,Male,-785,14.5951658,121.4276451
432,Wendi,Klimke,wklimkebz@yelp.com,Female,-721,45.2191483,19.1825632
433,Daron,Medler,dmedlerc0@netvibes.com,Male,-486,-3.5451284,36.1029284
434,Gladys,Eckford,geckfordc1@amazonaws.com,Female,241,56.3452088,44.1385479
435,Dionysus,Sherbourne,dsherbournec2@geocities.com,Male,-204,36.4062241,55.016269
436,Kippy,Drewell,kdrewellc3@sciencedaily.com,Male,811,23.0998443,113.2915045
437,Chic,Strowan,cstrowanc4@digg.com,Male,802,15.0447225,-89.5826811
438,Ephrayim,Bolino,ebolinoc5@blogspot.com,Male,-286,51.6113555,19.8982345
439,Archibaldo,Maffucci,amaffuccic6@cbsnews.com,Male,828,37.955893,23.7020975
440,Terri,Rathe,trathec7@yale.edu,Male,-604,-7.6569277,107.7073688
441,Randall,Rawstorn,rrawstornc8@blogspot.com,Male,-215,60.3968738,21.3869552
442,Petr,Earl,pearlc9@businessweek.com,Male,-23,-3.1527788,30.6199895
443,Tracy,Kobieriecki,tkobierieckica@seesaa.net,Male,-470,33.7730407,72.4301105
444,Audry,Parade,aparadecb@irs.gov,Female,-974,45.1611659,20.7866062
445,Jamil,Colleran,jcollerancc@wikipedia.org,Male,234,14.8221783,120.2851808
446,Hadrian,Oblein,hobleincd@europa.eu,Male,-490,56.346821,30.538999
447,Amery,Bradane,abradanece@npr.org,Male,-675,7.6705223,5.1249662
448,Anatol,Peebles,apeeblescf@oaic.gov.au,Male,-652,32.809026,110.112629
449,Gustavus,Llewelly,gllewellycg@java.com,Male,378,54.6380366,25.2865584
450,Chrysa,Gurney,cgurneych@wsj.com,Female,-676,13.3666668,122.6500015
451,Wilow,Dinning,wdinningci@sitemeter.com,Female,-713,51.2334376,36.697122
452,Florencia,Orgen,forgencj@addthis.com,Female,995,-0.3221142,103.1517902
453,Mandel,O'Hartagan,mohartaganck@sphinn.com,Male,-10,32.777055,117.989199
454,Carey,Hryncewicz,chryncewiczcl@moonfruit.com,Male,425,41.07,-85.14
455,Gerry,Dugue,gduguecm@howstuffworks.com,Male,-344,-6.7751995,111.3515736
456,Oliviero,Yurivtsev,oyurivtsevcn@stanford.edu,Male,-418,39.5805123,-8.6401184
457,Silvester,Konerding,skonerdingco@shutterfly.com,Male,-919,48.8809869,2.2760839
458,Munroe,Longland,mlonglandcp@marriott.com,Male,-669,56.0160374,39.9476278
459,Westbrooke,Jurek,wjurekcq@1688.com,Male,-899,32.990664,112.528308
460,Bud,Allsep,ballsepcr@wikipedia.org,Male,-131,41.669412,112.915135
461,Layton,Sawkin,lsawkincs@bluehost.com,Male,-237,42.722661,-73.8301437
462,Normy,Ewbank,newbankct@taobao.com,Male,510,-30.5148445,-53.4832383
463,Adelheid,Grosier,agrosiercu@census.gov,Female,510,11.0181098,124.5298181
464,Davita,Moloney,dmoloneycv@symantec.com,Female,429,29.8743418,-95.5485295
465,Ronalda,Hue,rhuecw@army.mil,Female,580,56.166667,107.433333
466,Carlie,Ornillos,cornilloscx@multiply.com,Male,-395,50.5888258,16.8098022
467,Park,Wakeman,pwakemancy@canalblog.com,Male,856,30.0781136,102.7319467
468,Ruprecht,Motte,rmottecz@is.gd,Male,445,3.102823,101.6781755
469,Lynde,Besson,lbessond0@about.me,Female,-467,61.549558,23.5960975
470,Caryl,Tellesson,ctellessond1@slashdot.org,Female,223,59.2689705,17.9879854
471,Isacco,Abrams,iabramsd2@dailymotion.com,Male,867,32.7299999,-97.3199999
472,Grantham,Snook,gsnookd3@quantcast.com,Male,76,59.3473789,18.0975334
473,Ethe,Thompkins,ethompkinsd4@google.com.au,Male,-593,13.38855,144.65852
474,Whitby,Cockren,wcockrend5@sciencedirect.com,Male,873,41.2947756,69.6810338
475,Wade,D'Antuoni,wdantuonid6@ask.com,Male,-70,25.904305,112.203287
476,Ezmeralda,Corten,ecortend7@fc2.com,Female,206,23.701262,117.430061
477,Tricia,Lowth,tlowthd8@amazon.co.uk,Female,867,-12.6339242,28.0537367
478,Tobias,Berr,tberrd9@google.ca,Male,-763,7.0878808,79.8986552
479,Obediah,Waterhowse,owaterhowseda@live.com,Male,-63,14.6927846,121.1100951
480,Lyndsey,Binnall,lbinnalldb@google.co.uk,Female,468,55.6354144,13.0577113
481,Antone,Alenichicov,aalenichicovdc@nifty.com,Male,-276,14.3631814,48.9820259
482,Sharona,Banishevitz,sbanishevitzdd@reuters.com,Female,468,42.103919,-8.2727494
483,Brinn,Warbeys,bwarbeysde@java.com,Female,680,8.4101505,20.6481794
484,Renault,Rilston,rrilstondf@addtoany.com,Male,493,51.2845164,37.7994394
485,Morton,Yakovl,myakovldg@shinystat.com,Male,529,52.7285015,47.619733
486,Lillis,Thurston,lthurstondh@shinystat.com,Female,-621,-17.5061578,24.2806558
487,Linc,Ivanenkov,livanenkovdi@uol.com.br,Male,344,-7.765512,112.197899
488,Karyn,Saines,ksainesdj@usda.gov,Female,593,16.7054663,121.672666
489,Rodrick,Vellden,rvelldendk@wikispaces.com,Male,915,39.95,-75.16
490,Dody,Scahill,dscahilldl@china.com.cn,Female,-743,48.2920787,25.9358367
491,Nickie,Batisse,nbatissedm@hao123.com,Male,-401,31.674972,-106.4183141
492,Koralle,Jovasevic,kjovasevicdn@wufoo.com,Female,-627,7.18016,124.498942
493,Jenica,Lenden,jlendendo@wikispaces.com,Female,967,40.8148532,-8.4821897
494,Othilia,Lohden,olohdendp@mozilla.org,Female,371,16.6053508,-15.348246
495,Brantley,Anthoney,banthoneydq@bbc.co.uk,Male,487,-1.5923262,31.1419058
496,Giles,Casassa,gcasassadr@smugmug.com,Male,-953,28.79937,113.091683
497,Lisbeth,Richardot,lrichardotds@amazon.de,Female,-8,23.2878976,113.8374236
498,Joachim,Perillo,jperillodt@ft.com,Male,796,-15.8228377,27.7754515
499,Drucill,De Giovanni,ddegiovannidu@cornell.edu,Female,-290,16.4543173,97.6439611
500,Munroe,Skippings,mskippingsdv@sina.com.cn,Male,38,27.8277,103.72828
501,Kaye,Adlard,kadlarddw@earthlink.net,Female,-917,13.460657,-15.5225259
502,Cristobal,Doppler,cdopplerdx@1688.com,Male,-670,4.345152,-74.361823
503,Ernesto,Dowglass,edowglassdy@cafepress.com,Male,538,31.385848,94.427663
504,Lynnet,Wortley,lwortleydz@seattletimes.com,Female,889,54.8771794,26.9388432
505,Bayard,Knowlys,bknowlyse0@example.com,Male,249,51.3948213,6.6518329
506,Cherey,Woehler,cwoehlere1@soundcloud.com,Female,882,-27.950568,-51.8148609
507,Seward,Broadbury,sbroadburye2@quantcast.com,Male,370,63.8205484,20.3036711
508,Alfonso,Druce,adrucee3@wp.com,Male,-257,-18.4097245,-49.2162908
509,Loreen,Wyer,lwyere4@blogspot.com,Female,946,51.8815586,-8.4784945
510,Angelina,Georgeot,ageorgeote5@vk.com,Female,-124,44.7821727,20.4514425
511,Rozina,Hartness,rhartnesse6@nymag.com,Female,317,52.83797,15.83104
512,Carine,McKeller,cmckellere7@japanpost.jp,Female,-712,43.6953508,7.2559678
513,Raymund,Jaslem,rjasleme8@github.io,Male,687,14.0879302,44.6724469
514,Kissiah,Colvine,kcolvinee9@smugmug.com,Female,133,30.687368,104.063249
515,Gallagher,Grishaev,ggrishaevea@meetup.com,Male,577,-6.2741889,106.7020556
516,Yoshiko,Trill,ytrilleb@telegraph.co.uk,Female,422,23.0861808,113.4943199
517,Wyn,Claybourn,wclaybournec@google.com.au,Male,487,-7.7527791,113.697829
518,Henka,Ruggiero,hruggieroed@ezinearticles.com,Female,-227,-19.6189005,-44.0404979
519,Gayel,Vannah,gvannahee@imgur.com,Female,878,55.1065195,59.7112737
520,Cristen,Florez,cflorezef@github.com,Female,310,7.2029817,124.2342889
521,Kimble,Lukovic,klukoviceg@ihg.com,Male,-686,-8.594056,122.565498
522,Josephina,Linfield,jlinfieldeh@mapy.cz,Female,-337,54.17157,103.027249
523,Huntington,Mead,hmeadei@ask.com,Male,-7,32.790891,102.544405
524,Zsazsa,MacCardle,zmaccardleej@uol.com.br,Female,-581,59.8557818,13.5485237
525,Gwenore,Fardy,gfardyek@pbs.org,Female,343,2.2763077,-78.5887951
526,Timmi,Goggin,tgogginel@jiathis.com,Female,888,40.9175193,-8.4280201
527,Jaclin,Waters,jwatersem@vk.com,Female,109,63.6106858,26.9828477
528,Elly,Vickar,evickaren@woothemes.com,Female,-272,8.301719,123.80651
529,Pepe,Ruusa,pruusaeo@spotify.com,Male,720,23.883531,110.666614
530,Randie,Adamkiewicz,radamkiewiczep@scribd.com,Male,-827,8.955271,126.009711
531,Jarrod,Rain,jraineq@amazon.com,Male,864,20.2573532,0.9910298
532,Claudianus,Gidden,cgiddener@imageshack.us,Male,650,44.977078,127.973162
533,Orbadiah,Simms,osimmses@usa.gov,Male,-230,39.7231403,44.8476661
534,Eadie,Le Fleming,elefleminget@sbwire.com,Female,647,40.5141742,23.8254879
535,Ellissa,Roth,erotheu@seesaa.net,Female,-202,-34.3788739,-58.7024688
536,Janette,Linner,jlinnerev@utexas.edu,Female,366,49.9378835,40.5529044
537,Molly,Andriuzzi,mandriuzziew@noaa.gov,Female,150,52.53255,103.8923786
538,Quincey,Brunt,qbruntex@jalbum.net,Male,-769,23.404165,113.220218
539,Lauree,Goulden,lgouldeney@ftc.gov,Female,456,5.4238154,-75.8185314
540,Randolf,Joul,rjoulez@wix.com,Male,837,37.7340363,-8.4593678
541,Angeli,Purkiss,apurkissf0@forbes.com,Male,-621,26.534726,119.326773
542,Cherlyn,Kewzick,ckewzickf1@toplist.cz,Female,369,-8.4769874,123.0845277
543,Antony,Stidston,astidstonf2@ucoz.ru,Male,984,-23.351784,-47.6931718
544,Prentiss,Weild,pweildf3@jiathis.com,Male,766,48.0930765,-4.33096
545,Duane,Pattemore,dpattemoref4@feedburner.com,Male,340,14.6035421,121.0245782
546,Otho,Pena,openaf5@godaddy.com,Male,303,18.1142139,120.5239731
547,Brade,Ceccoli,bceccolif6@gmpg.org,Male,-822,1.7145909,127.9678652
548,Tammara,Trimmill,ttrimmillf7@creativecommons.org,Female,-70,57.3665832,61.4221758
549,Mozelle,Will,mwillf8@adobe.com,Female,-448,13.9062958,124.3040904
550,Ashlin,Gaskarth,agaskarthf9@dell.com,Male,-913,47.6022755,6.2194418
551,Byrom,Itzakson,bitzaksonfa@statcounter.com,Male,-511,36.334104,113.228852
552,Mona,Caldwall,mcaldwallfb@google.cn,Female,-496,-31.1846901,24.9491323
553,Pamella,Littleton,plittletonfc@mapy.cz,Female,-19,37.2425649,111.8568586
554,Ram,Wilcock,rwilcockfd@springer.com,Male,241,-8.197451,112.6079459
555,Mathian,Casella,mcasellafe@cbslocal.com,Male,-176,30.677233,121.015142
556,Lorita,Mulgrew,lmulgrewff@phpbb.com,Female,-530,45.588882,-70.903207
557,Shawnee,Banker,sbankerfg@mapy.cz,Female,-764,27.756339,112.555087
558,Roddie,Woolpert,rwoolpertfh@answers.com,Male,845,51.1625615,54.9809527
559,Giorgi,Mardlin,gmardlinfi@youku.com,Male,972,41.81758,22.23529
560,Earvin,Pohls,epohlsfj@jigsy.com,Male,463,-1.8197455,-80.2377078
561,Kellia,Forbes,kforbesfk@ft.com,Female,-117,46.3187542,38.7465307
562,Catherina,Downey,cdowneyfl@pbs.org,Female,412,-7.7546695,112.1877315
563,Abe,Burtonwood,aburtonwoodfm@opera.com,Male,70,42.5387912,26.6831949
564,Jules,Pynner,jpynnerfn@weebly.com,Male,-572,50.5878419,13.8083154
565,Hailey,Castiblanco,hcastiblancofo@cafepress.com,Male,-580,39.761892,116.420331
566,Drake,Amery,dameryfp@oaic.gov.au,Male,-581,49.7102798,20.9509659
567,Maighdiln,Juarez,mjuarezfq@list-manage.com,Female,-937,8.853929,-75.281155
568,Aristotle,Feragh,aferaghfr@networksolutions.com,Male,-854,52.4159683,41.4278531
569,Audie,Pear,apearfs@gnu.org,Female,-447,58.4306551,14.169785
570,Rolland,Joyce,rjoyceft@netlog.com,Male,976,32.224808,110.228747
571,Demetra,Stanning,dstanningfu@samsung.com,Female,-734,-21.680817,45.1658261
572,Grissel,Perell,gperellfv@ameblo.jp,Female,-3,35.293048,112.390857
573,Gradeigh,Micallef,gmicalleffw@vinaora.com,Male,-704,59.925824,10.6614716
574,Yolande,Hartshorne,yhartshornefx@pcworld.com,Female,859,34.7683548,134.8305397
575,Noell,Lampl,nlamplfy@sfgate.com,Female,-653,9.9436507,-84.0166951
576,Aurora,Miskelly,amiskellyfz@indiatimes.com,Female,374,22.1960179,92.2947639
577,Em,Glasebrook,eglasebrookg0@businesswire.com,Male,-591,-4.9684385,-39.0161259
578,Jory,Pollen,jpolleng1@deliciousdays.com,Male,-946,27.229632,115.135507
579,Edgard,Willcott,ewillcottg2@shutterfly.com,Male,-426,35.6966721,139.4324693
580,Malcolm,Spivey,mspiveyg3@ox.ac.uk,Male,193,59.3573204,16.4823589
581,Bell,Sealey,bsealeyg4@cam.ac.uk,Female,403,15.1199067,-10.5718086
582,Chase,Drinnan,cdrinnang5@nsw.gov.au,Male,796,53.8017532,30.953397
583,Krishnah,Vedntyev,kvedntyevg6@friendfeed.com,Male,-340,6.1747517,-75.5160235
584,Antonetta,Pargent,apargentg7@icq.com,Female,-420,-8.1061859,112.6407229
585,Howard,Keattch,hkeattchg8@sphinn.com,Male,-100,-13.589688,-73.9962255
586,Karon,Gomes,kgomesg9@noaa.gov,Female,989,44.254148,86.311647
587,Garrot,Mumby,gmumbyga@home.pl,Male,558,-6.8723784,107.5815795
588,Flore,Archdeacon,farchdeacongb@flickr.com,Female,-125,40.5067525,47.6489641
589,Herb,Glendining,hglendininggc@creativecommons.org,Male,103,47.4098736,32.4412263
590,Jase,Graeme,jgraemegd@businessweek.com,Male,55,-25.0913166,-57.527801
591,Skyler,Simkovitz,ssimkovitzge@ocn.ne.jp,Male,-182,48.8693156,2.3501981
592,Inigo,Broy,ibroygf@opensource.org,Male,288,-10.1555651,-77.4397297
593,Jarib,Sampey,jsampeygg@netvibes.com,Male,222,9.0592797,-79.4154819
594,Creighton,Melonby,cmelonbygh@bing.com,Male,-389,34.532295,108.831894
595,Zacherie,Kincade,zkincadegi@imageshack.us,Male,727,48.1779574,-1.7555399
596,Christal,Bricksey,cbrickseygj@opensource.org,Female,659,-20.3015699,57.5999968
597,Constantine,Arling,carlinggk@cbslocal.com,Female,-921,51.6984754,20.934244
598,Jareb,Muzzi,jmuzzigl@booking.com,Male,775,42.8297548,73.6830521
599,Juliana,Gorelli,jgorelligm@va.gov,Female,-955,38.7204364,-9.425542
600,Mordecai,Cubuzzi,mcubuzzign@squarespace.com,Male,-492,-18.6236377,26.8615857
601,Darin,Klaff,dklaffgo@umn.edu,Male,-137,5.341352,-75.730957
602,Yvon,Fronks,yfronksgp@lycos.com,Male,788,13.7825775,121.0492638
603,Chryste,Grange,cgrangegq@discuz.net,Female,-305,40.0604197,-8.6218634
604,West,Swanborough,wswanboroughgr@uiuc.edu,Male,-814,47.0171563,-68.1430273
605,Lila,Burnep,lburnepgs@home.pl,Female,-109,49.8151822,19.3771749
606,Susan,Paff,spaffgt@xrea.com,Female,514,7.3381488,13.5668302
607,Joshia,Belward,jbelwardgu@trellian.com,Male,807,26.6416058,67.9933369
608,Junie,Blood,jbloodgv@usgs.gov,Female,-349,37.2719952,127.4348221
609,Napoleon,Jillions,njillionsgw@archive.org,Male,-753,49.23335,-102.1676
610,Alyssa,Muehler,amuehlergx@wikimedia.org,Female,-630,31.207378,121.4174914
611,Leonerd,Bredes,lbredesgy@amazon.co.uk,Male,182,-34.8411832,-58.4389753
612,Hersh,Neissen,hneissengz@google.nl,Male,592,7.2484596,125.0587505
613,Kevin,Clarke-Williams,kclarkewilliamsh0@nytimes.com,Male,448,24.803563,115.482733
614,Chantal,Turk,cturkh1@wix.com,Female,855,-11.8930858,-77.0440707
615,Culley,Trineman,ctrinemanh2@opensource.org,Male,965,6.6930902,101.3090737
616,Chrystal,Reading,creadingh3@bing.com,Female,295,52.995267,16.9198184
617,Tine,Reinmar,treinmarh4@disqus.com,Female,-237,50.2689038,17.2529709
618,Brew,Bown,bbownh5@fotki.com,Male,979,14.7902447,-90.9740093
619,Angelle,Woodhouse,awoodhouseh6@eventbrite.com,Female,381,46.277611,41.756863
620,Carol-jean,Hefford,cheffordh7@cbsnews.com,Female,-140,13.9062958,124.3040904
621,Karie,Yankeev,kyankeevh8@cnet.com,Female,166,41.0672146,-7.2170293
622,Sharleen,Winslett,swinsletth9@digg.com,Female,819,33.80982,113.88102
623,Fremont,Gilhooly,fgilhoolyha@ca.gov,Male,-497,-40.2458577,175.5482901
624,Adey,Scraggs,ascraggshb@multiply.com,Female,-21,33.347316,120.16366
625,Davita,Danilovic,ddanilovichc@123-reg.co.uk,Female,-269,41.8535089,12.5556193
626,Shoshana,Applewhite,sapplewhitehd@ibm.com,Female,661,40.1324085,64.4911086
627,Debbie,Massenhove,dmassenhovehe@shinystat.com,Female,247,13.369605,100.987203
628,Rocky,Dormer,rdormerhf@taobao.com,Male,-547,43.0429124,1.9038837
629,Bendick,Witherbed,bwitherbedhg@nasa.gov,Male,-722,-6.8132152,108.5919461
630,Donielle,Lob,dlobhh@rakuten.co.jp,Female,-409,24.168957,102.405819
631,Colas,Haberfield,chaberfieldhi@bizjournals.com,Male,758,60.1442919,29.9959011
632,Lucita,Bulter,lbulterhj@fema.gov,Female,-587,45.5833482,-73.4372336
633,Rubetta,Boat,rboathk@gravatar.com,Female,-910,27.330904,117.044081
634,Kimberli,Pendrick,kpendrickhl@latimes.com,Female,-773,55.7382444,37.6148
635,Marven,Elford,melfordhm@slate.com,Male,-915,59.3251422,18.0702683
636,Howard,McKelvie,hmckelviehn@theguardian.com,Male,470,22.041674,111.756345
637,Dennis,Forsbey,dforsbeyho@hostgator.com,Male,56,34.6494619,135.7837972
638,Sheff,Dikle,sdiklehp@reverbnation.com,Male,-79,54.5940619,-5.9308088
639,Blake,Pollack,bpollackhq@zdnet.com,Male,-891,-7.0112331,108.4595045
640,Barde,Cornfoot,bcornfoothr@skype.com,Male,-79,7.7151954,123.2089252
641,Berthe,Ubank,bubankhs@1688.com,Female,342,40.2740679,22.5416683
642,Deanne,Apdell,dapdellht@hatena.ne.jp,Female,634,35.119385,109.167435
643,Hana,Reis,hreishu@google.pl,Female,-683,53.169971,-6.9140788
644,Rickert,Franz-Schoninger,rfranzschoningerhv@linkedin.com,Male,455,34.158997,108.906994
645,Karola,De Carolis,kdecarolishw@moonfruit.com,Female,574,4.5775693,28.3987842
646,Richardo,Whyborne,rwhybornehx@ezinearticles.com,Male,-707,-5.85,-79.8833329
647,Marijn,Grattan,mgrattanhy@craigslist.org,Male,-910,0.7013707,32.9029088
648,Ira,Haspineall,ihaspineallhz@dmoz.org,Male,54,13.60375,26.68413
649,Abner,Phebey,aphebeyi0@topsy.com,Male,162,-9.0166555,-77.8724575
650,Brook,MacNelly,bmacnellyi1@hp.com,Male,605,41.099,24.28915
651,Selinda,Pollendine,spollendinei2@sphinn.com,Female,-912,28.162833,113.643076
652,Vincents,Trussman,vtrussmani3@myspace.com,Male,211,59.379366,13.503977
653,Godard,Grishakov,ggrishakovi4@goo.ne.jp,Male,-734,25.495241,103.805012
654,Evered,Benneyworth,ebenneyworthi5@123-reg.co.uk,Male,-28,49.7873125,18.6675302
655,Willdon,Rummin,wrummini6@taobao.com,Male,173,14.6531486,-88.8718935
656,Tanya,Blunsum,tblunsumi7@arizona.edu,Female,-310,36.6850384,117.0714935
657,Laurella,Jodkowski,ljodkowskii8@nymag.com,Female,-657,25.5311276,69.0397556
658,Hilarius,O'Donnelly,hodonnellyi9@sina.com.cn,Male,-919,36.8625853,10.3329494
659,Lexi,Blenkin,lblenkinia@indiegogo.com,Female,-64,31.984497,118.713868
660,Oliviero,Moorman,omoormanib@phpbb.com,Male,-296,-34.8411832,-58.4389753
661,Mitchel,Greves,mgrevesic@mlb.com,Male,83,6.65984,124.09981
662,Syd,Howbrook,showbrookid@netvibes.com,Male,-3,46.9962539,28.8716267
663,Reagan,Zebedee,rzebedeeie@oakley.com,Male,764,-17.1023219,49.1221414
664,Wes,Whitwood,wwhitwoodif@google.com.br,Male,998,-45.9328639,-67.5573429
665,Ricoriki,Cheel,rcheelig@berkeley.edu,Male,-801,30.4231682,31.5654425
666,Maribel,Wildbore,mwildboreih@upenn.edu,Female,-794,13.8811133,123.6886104
667,Kippie,Evensden,kevensdenii@salon.com,Female,-772,50.1267742,15.1782064
668,Zachariah,Hassekl,zhasseklij@yandex.ru,Male,-669,40.991371,-8.5235157
669,Norina,Hay,nhayik@fotki.com,Female,-551,10.4477737,38.2031762
670,Durante,Dudman,ddudmanil@amazonaws.com,Male,574,61.4559668,23.7382315
671,Joanie,Rouzet,jrouzetim@dedecms.com,Female,331,48.3606958,-0.2717072
672,Sven,Hilary,shilaryin@dion.ne.jp,Male,-235,54.8133814,29.7063314
673,Charline,Danzelman,cdanzelmanio@rakuten.co.jp,Female,-144,47.6519866,-2.0882566
674,Harlen,Veldens,hveldensip@cnbc.com,Male,-901,-7.6077557,112.243026
675,Kellyann,Mulbry,kmulbryiq@webnode.com,Female,-213,13.2979317,123.7802005
676,Moria,Bour,mbourir@netlog.com,Female,360,49.1169513,101.449837
677,Candy,Innot,cinnotis@printfriendly.com,Female,85,29.5613789,-98.5612534
678,Chauncey,Swane,cswaneit@clickbank.net,Male,824,6.9894019,79.8933077
679,Horst,Jantet,hjantetiu@noaa.gov,Male,-993,-8.68421,115.16022
680,Fraze,Burnhill,fburnhilliv@noaa.gov,Male,-823,55.813957,37.626119
681,Dedra,Nursey,dnurseyiw@nydailynews.com,Female,-396,35.6907846,36.3376199
682,Rudd,Billison,rbillisonix@wunderground.com,Male,48,14.8648,32.3668
683,Sherlocke,Roadnight,sroadnightiy@sfgate.com,Male,963,59.8419074,17.5964867
684,Mack,O'Gaven,mogaveniz@gmpg.org,Male,-414,21.459233,101.564635
685,Carina,Gianelli,cgianellij0@google.com.au,Female,-891,29.2031708,25.5195451
686,Jude,Atling,jatlingj1@godaddy.com,Male,-491,20.9570351,-75.7197039
687,Andrew,Gierhard,agierhardj2@nhs.uk,Male,593,40.8024032,21.4591344
688,Essie,Folli,efollij3@dagondesign.com,Female,977,9.9789961,105.993491
689,Camila,Bullers,cbullersj4@hubpages.com,Female,13,-6.26,106.0799
690,Phebe,Dows,pdowsj5@slate.com,Female,-233,32.009995,114.91925
691,Noach,Hatchette,nhatchettej6@delicious.com,Male,-205,6.6888595,-57.9190961
692,Dominique,Marians,dmariansj7@about.com,Male,52,50.0317672,18.7766679
693,Lita,Mycock,lmycockj8@blogger.com,Female,-402,-34.6893026,-58.5247124
694,Annora,Eldred,aeldredj9@comcast.net,Female,829,-25.979821,-52.5678016
695,Mic,Yorath,myorathja@mayoclinic.com,Male,452,34.050751,-118.3841777
696,Angus,Cavee,acaveejb@intel.com,Male,471,-19.5906483,-46.9442412
697,Christan,Yielding,cyieldingjc@bbb.org,Female,381,43.5660829,22.2466754
698,Lenee,Corser,lcorserjd@adobe.com,Female,729,-7.6469193,112.8999225
699,Archaimbaud,Patey,apateyje@ovh.net,Male,-996,36.0534598,69.1089444
700,Giraldo,Brendel,gbrendeljf@indiatimes.com,Male,681,58.7103464,50.1704702
701,Julio,Fautley,jfautleyjg@msn.com,Male,-625,47.59585,126.100213
702,Elinore,Ousbie,eousbiejh@bloglovin.com,Female,942,42.4476716,47.6625008
703,Emelda,Cominetti,ecominettiji@blogs.com,Female,534,45.4123755,20.8041177
704,Salaidh,Guidelli,sguidellijj@yale.edu,Female,-573,47.2215999,5.9675963
705,Kipp,Faldoe,kfaldoejk@ed.gov,Female,-190,31.875572,120.556005
706,Renault,O'Scully,roscullyjl@symantec.com,Male,570,4.2891931,21.0102737
707,Biron,Eberts,bebertsjm@opera.com,Male,-786,45.156512,1.0154129
708,Ty,Chinnery,tchinneryjn@biglobe.ne.jp,Male,641,29.7182191,-8.9769851
709,Upton,Turle,uturlejo@google.com.au,Male,-831,35.2024947,127.4626534
710,Janot,Mullaly,jmullalyjp@dot.gov,Female,408,47.5083178,-52.9940605
711,Valentine,Borrows,vborrowsjq@ucoz.com,Male,879,55.8389853,37.1414146
712,Josephine,Rosengarten,jrosengartenjr@twitpic.com,Female,-485,23.073914,114.41958
713,Gwynne,Kleinplatz,gkleinplatzjs@mashable.com,Female,-459,50.7588162,17.8529769
714,Evangeline,Lauks,elauksjt@elegantthemes.com,Female,-752,50.2318521,12.8719616
715,Kasey,Olivey,koliveyju@phoca.cz,Female,322,-30.0336816,-52.893221
716,Hulda,Klass,hklassjv@gnu.org,Female,830,-8.0685658,111.6809778
717,Donal,Sawden,dsawdenjw@lulu.com,Male,325,22.746191,114.136954
718,Khalil,Illing,killingjx@ovh.net,Male,-977,17.9182769,120.441747
719,Law,Burcher,lburcherjy@stanford.edu,Male,-412,50.3172235,29.0541431
720,Halley,Mustoe,hmustoejz@google.com.br,Female,-779,-31.43337,-64.2142976
721,Timmy,Boyles,tboylesk0@vistaprint.com,Male,-407,59.9026039,10.767309
722,Rebbecca,Denisyev,rdenisyevk1@goo.ne.jp,Female,558,33.626149,114.69695
723,Andreana,Margetts,amargettsk2@ibm.com,Female,-761,6.9655812,125.4609462
724,Von,Brunker,vbrunkerk3@shop-pro.jp,Male,645,22.7613207,121.1438152
725,Bel,Veryan,bveryank4@google.com.au,Female,189,32.8449406,36.2251116
726,Jarad,Mosedill,jmosedillk5@cyberchimps.com,Male,-369,-3.45,116.39
727,Bordy,Hasling,bhaslingk6@networkadvertising.org,Male,-403,32.683659,112.196621
728,Louie,Blincow,lblincowk7@topsy.com,Male,-727,25.315243,119.090741
729,Sonnnie,Riepel,sriepelk8@sbwire.com,Female,-495,20.5200611,104.5917494
730,Alaric,Coltan,acoltank9@deliciousdays.com,Male,-964,30.190334,122.689752
731,Cathryn,Wren,cwrenka@ft.com,Female,-109,31.471686,119.934764
732,Millard,Batram,mbatramkb@t.co,Male,-829,59.0897572,9.6973548
733,Juditha,Drennan,jdrennankc@netvibes.com,Female,-662,17.0977975,121.8540162
734,Geoffry,Tyer,gtyerkd@cornell.edu,Male,157,43.1613333,46.0016156
735,Juliana,Ruslinge,jruslingeke@lulu.com,Female,636,-22.9098833,-47.0625812
736,Kial,Toone,ktoonekf@github.io,Female,882,23.5585593,89.9041371
737,Kendrick,Davie,kdaviekg@paypal.com,Male,-803,47.216667,-67.916667
738,Kira,Dell Casa,kdellcasakh@php.net,Female,167,5.459089,-76.01598
739,Daffi,Lorentz,dlorentzki@tinyurl.com,Female,-991,16.9741689,7.986535
740,Grantley,Toffanelli,gtoffanellikj@qq.com,Male,-680,40.8024032,21.4591344
741,Jarrad,Tuffell,jtuffellkk@ebay.com,Male,52,30.229314,120.643023
742,Cammie,Takle,ctaklekl@shareasale.com,Female,810,8.34816,-71.85849
743,Zackariah,Miche,zmichekm@networkadvertising.org,Male,863,-11.6551492,-76.5026246
744,Shelia,Pittaway,spittawaykn@constantcontact.com,Female,-397,0.2770603,99.3451118
745,Jany,MacCafferty,jmaccaffertyko@ebay.com,Female,846,9.3572656,17.3671431
746,Arin,Aneley,aaneleykp@devhub.com,Male,962,28.524376,113.233807
747,Ertha,Shearston,eshearstonkq@arstechnica.com,Female,-147,38.34,-85.7
748,Ashby,Rois,aroiskr@4shared.com,Male,-768,48.2113225,26.3003025
749,Uriah,Beament,ubeamentks@theatlantic.com,Male,-612,55.9588361,37.6489954
750,Tildi,Aaronson,taaronsonkt@bloglovin.com,Female,483,59.418208,60.514706
751,Humbert,Uccello,huccelloku@whitehouse.gov,Male,666,47.4701444,84.8752996
752,Lyman,MacCorley,lmaccorleykv@bbb.org,Male,686,35.72154,111.350842
753,Kailey,Rogez,krogezkw@dropbox.com,Female,-165,55.4055305,38.2447393
754,Holly-anne,Jobes,hjobeskx@tiny.cc,Female,-436,-8.416,117.1266
755,Ax,Gajewski,agajewskiky@intel.com,Male,-301,13.5353957,-88.3506468
756,Siana,Bielfeldt,sbielfeldtkz@cisco.com,Female,-741,6.848589,101.4112049
757,Jemmy,Hartless,jhartlessl0@blogspot.com,Female,521,35.0663073,134.1496427
758,Ynez,Dackombe,ydackombel1@usatoday.com,Female,365,37.7241501,126.2322458
759,Eldredge,Gronow,egronowl2@gizmodo.com,Male,-38,22.2092,113.296467
760,Xylia,Keaves,xkeavesl3@ucsd.edu,Female,-8,7.3275252,122.8946032
761,Mollie,Matveiko,mmatveikol4@google.com.au,Female,-766,-7.6092767,15.0552391
762,Norry,Reaney,nreaneyl5@paypal.com,Male,-329,26.242301,105.943312
763,Ole,Kadar,okadarl6@examiner.com,Male,-646,-34.9001596,-58.0352133
764,Rurik,Pullin,rpullinl7@shop-pro.jp,Male,171,-22.9657374,-42.0279869
765,Dannie,Underhill,dunderhilll8@ustream.tv,Female,-196,48.3583839,25.3449259
766,Krishnah,Hildred,khildredl9@list-manage.com,Male,271,39.2868418,-7.4229064
767,Marge,Manners,mmannersla@netlog.com,Female,813,4.5557,95.71508
768,Georgie,Janecki,gjaneckilb@cnet.com,Female,-64,41.4981839,-8.3569915
769,Elsbeth,Batchelar,ebatchelarlc@auda.org.au,Female,-141,29.086221,119.571633
770,Florentia,Renny,frennyld@dot.gov,Female,880,31.385952,120.936058
771,Amanda,Stanmore,astanmorele@samsung.com,Female,743,64.5281061,34.7710761
772,Rozanne,Kell,rkelllf@tripadvisor.com,Female,-207,45.0510883,16.0518078
773,Selena,Ochterlony,sochterlonylg@businessweek.com,Female,237,39.873363,-4.0414005
774,Red,Shellshear,rshellshearlh@bloglovin.com,Male,838,54.2042169,27.8532022
775,Caralie,Cattanach,ccattanachli@wikimedia.org,Female,-562,56.0895859,63.672798
776,Rayner,O'Cannavan,rocannavanlj@oracle.com,Male,695,48.7068855,2.3371075
777,Palmer,Clayal,pclayallk@pagesperso-orange.fr,Male,979,53.158984,-7.185387
778,Drugi,Burtonshaw,dburtonshawll@cargocollective.com,Male,127,-7.150975,110.1402594
779,Hermia,Shapland,hshaplandlm@acquirethisname.com,Female,25,-1.3524989,-48.2592606
780,Abraham,Cregan,acreganln@a8.net,Male,-943,-20.353624,-41.5338333
781,Tate,McCleverty,tmcclevertylo@cbslocal.com,Male,809,13.4211757,8.4760154
782,Rosabelle,O'Dea,rodealp@vistaprint.com,Female,441,14.7596318,121.0589081
783,Baird,Durtnal,bdurtnallq@bandcamp.com,Male,-959,49.03737,140.26989
784,Kurt,Lanphier,klanphierlr@sfgate.com,Male,-419,16.0481202,105.1375908
785,Niels,Emson,nemsonls@howstuffworks.com,Male,935,16.5653818,121.1741531
786,Mill,Izac,mizaclt@gmpg.org,Male,-717,50.5032152,14.2856356
787,Gayleen,Gaine of England,ggaineofenglandlu@w3.org,Female,376,-37.9861381,-57.6000001
788,Benjie,Oppie,boppielv@gov.uk,Male,934,13.6261714,123.1606556
789,Matty,Stapells,mstapellslw@hud.gov,Male,-916,33.5210036,36.2861306
790,Kettie,Courtman,kcourtmanlx@samsung.com,Female,-369,26.458254,114.786182
791,Tammie,Garlinge,tgarlingely@hp.com,Female,744,63.8223321,20.2753893
792,Ward,Olivas,wolivaslz@wisc.edu,Male,21,43.8317876,4.3686291
793,Vyky,Moorerud,vmoorerudm0@shop-pro.jp,Female,-698,-6.226676,106.810463
794,Dido,Barrie,dbarriem1@de.vu,Female,599,29.852891,114.298711
795,Danit,Kinnerk,dkinnerkm2@reuters.com,Female,26,-6.4185424,106.8502879
796,Darcy,Ramas,dramasm3@smugmug.com,Female,-772,25.8333333,123.5833333
797,Sharity,Ruston,srustonm4@apache.org,Female,-761,42.7123148,25.3328975
798,Ferrell,Pearson,fpearsonm5@seesaa.net,Male,602,-7.3756404,112.758414
799,Elicia,Bridgstock,ebridgstockm6@wikimedia.org,Female,206,-8.1145,115.1021
800,Vincenz,Woolbrook,vwoolbrookm7@indiatimes.com,Male,485,19.9034294,100.0359661
801,Ilyssa,Rowbottam,irowbottamm8@spotify.com,Female,-643,51.949401,-7.8434254
802,Niki,Fernley,nfernleym9@godaddy.com,Male,125,49.8189015,24.3031209
803,Sarina,Abade,sabadema@examiner.com,Female,-461,3.6527376,31.7280955
804,Ramon,Whiff,rwhiffmb@discovery.com,Male,-408,-25.6221943,-54.5655489
805,Yves,Lorans,yloransmc@nps.gov,Male,850,-6.1624112,106.7974566
806,Marcellus,Belvin,mbelvinmd@census.gov,Male,-109,14.874441,101.1843887
807,Estella,Gouldthorp,egouldthorpme@techcrunch.com,Female,36,-29.7844393,-55.7980283
808,Thia,Vinson,tvinsonmf@guardian.co.uk,Female,-663,32.4033247,51.3994672
809,Farlie,Vlach,fvlachmg@google.co.jp,Male,-369,52.959496,21.0954627
810,Alonzo,Lope,alopemh@seesaa.net,Male,-249,48.3583839,25.3449259
811,Kirstin,Chace,kchacemi@gizmodo.com,Female,-551,59.0842105,159.9541642
812,Clemmy,de Mendoza,cdemendozamj@census.gov,Male,-315,49.3230985,28.0823146
813,Maxine,Girk,mgirkmk@state.tx.us,Female,67,48.051542,114.367189
814,Natka,Matevushev,nmatevushevml@people.com.cn,Female,-772,14.0644874,101.5156074
815,Abra,Gyer,agyermm@zimbio.com,Female,980,45.8174856,17.1851
816,Daisie,Soldner,dsoldnermn@businesswire.com,Female,-219,59.2436305,14.4319324
817,Faunie,Petrillo,fpetrillomo@netvibes.com,Female,367,37.1464563,-8.4833256
818,Claire,Drains,cdrainsmp@ed.gov,Male,-993,40.6335427,47.467431
819,Dee,Allsupp,dallsuppmq@weebly.com,Female,-455,42.669195,23.2885096
820,Gordy,Maddie,gmaddiemr@theglobeandmail.com,Male,-30,57.9330635,45.1806143
821,Izzy,Whorlow,iwhorlowms@bigcartel.com,Male,-283,13.470554,14.707735
822,Aurel,Steddall,asteddallmt@auda.org.au,Female,824,31.074215,121.549557
823,Euphemia,Cheshir,echeshirmu@webmd.com,Female,543,5.5298168,-0.705779
824,Nedi,Penvarne,npenvarnemv@indiegogo.com,Female,-450,-6.6038889,107.0527778
825,Talyah,McKendry,tmckendrymw@technorati.com,Female,831,41.66528,115.69778
826,Gloria,Patton,gpattonmx@barnesandnoble.com,Female,-996,27.406721,114.715117
827,Rooney,Jacquemet,rjacquemetmy@comsenz.com,Male,101,-26.6119534,-49.0075714
828,Kelwin,Mallindine,kmallindinemz@cafepress.com,Male,254,14.160407,-87.0399404
829,Cammy,Tomasz,ctomaszn0@dedecms.com,Male,280,32.596752,95.308054
830,Munroe,Primarolo,mprimarolon1@163.com,Male,-390,31.778022,104.745823
831,Kailey,Giraths,kgirathsn2@utexas.edu,Female,115,-17.6929945,-42.5172107
832,Giordano,Landsbury,glandsburyn3@businessweek.com,Male,32,13.4686603,-15.2589778
833,Grantham,Brenton,gbrentonn4@google.pl,Male,496,18.9313146,-70.4070779
834,Nester,Gianni,ngiannin5@narod.ru,Male,-289,13.2317498,123.7702587
835,Lucina,Pickavant,lpickavantn6@google.de,Female,954,-13.3108167,-75.4102538
836,Nial,Nutkins,nnutkinsn7@whitehouse.gov,Male,967,9.0866702,3.8502617
837,Nike,Swainston,nswainstonn8@cbc.ca,Female,-344,16.0655913,120.5877148
838,Bel,Beauman,bbeaumann9@aol.com,Female,619,-4.5848377,-42.8572386
839,Debora,Denidge,ddenidgena@csmonitor.com,Female,-952,-15.0364493,40.7323311
840,Diann,McAllaster,dmcallasternb@cloudflare.com,Female,-394,38.6223709,-8.9867334
841,Cristabel,Chaddock,cchaddocknc@123-reg.co.uk,Female,456,8.679187,124.972309
842,Nerta,De la Perrelle,ndelaperrellend@si.edu,Female,5,48.9897895,2.2868727
843,Lockwood,Segges,lseggesne@gnu.org,Male,-123,49.7524226,20.1868688
844,Mallory,Dawdary,mdawdarynf@mozilla.org,Female,418,10.1558257,-68.5634682
845,Imogene,Swadlen,iswadlenng@cam.ac.uk,Female,395,28.880567,108.39453
846,Pascale,Andri,pandrinh@slashdot.org,Male,-991,43.3057431,-1.9802013
847,Ann-marie,Millam,amillamni@theguardian.com,Female,-911,32.060255,118.796877
848,Abram,Kestell,akestellnj@people.com.cn,Male,-100,48.8579687,2.5764306
849,Loleta,Jarrell,ljarrellnk@imgur.com,Female,-2,50.1745286,12.6598918
850,Dionisio,Skep,dskepnl@cdbaby.com,Male,-75,39.7702467,21.1828612
851,Gusty,Garlic,ggarlicnm@unc.edu,Female,660,38.8987281,-77.0336768
852,Nita,Nary,nnarynn@deviantart.com,Female,-599,33.398866,120.2625
853,Renell,Clark,rclarkno@rakuten.co.jp,Female,-61,-10.2057,120.529
854,Corissa,Willgoss,cwillgossnp@sina.com.cn,Female,-796,31.77,-106.43
855,Ardenia,Ryce,arycenq@sina.com.cn,Female,672,53.43852,36.84085
856,Dorian,Sokale,dsokalenr@wordpress.com,Male,82,23.099153,113.810423
857,Tamas,Danett,tdanettns@omniture.com,Male,-902,31.947633,108.664214
858,Marlo,Havik,mhaviknt@ucsd.edu,Female,792,-6.6672821,108.4271062
859,Deeanne,Lovitt,dlovittnu@bing.com,Female,-441,-9.8446717,124.2810541
860,Norry,Byrnes,nbyrnesnv@microsoft.com,Male,-737,-7.0401751,107.7132895
861,Burgess,Voysey,bvoyseynw@si.edu,Male,-618,51.506437,100.6714581
862,Jerry,Spinage,jspinagenx@unblog.fr,Male,-177,24.025746,108.355335
863,Hanni,Grigorescu,hgrigorescuny@histats.com,Female,310,-6.4901067,106.8306951
864,Alisander,Conachy,aconachynz@uiuc.edu,Male,-454,53.43852,36.84085
865,Tabb,Decruse,tdecruseo0@list-manage.com,Male,333,51.11327,18.21114
866,Juliann,Twinbourne,jtwinbourneo1@abc.net.au,Female,-108,29.686964,109.465494
867,Kerri,Slowly,kslowlyo2@etsy.com,Female,190,3.1510265,101.663037
868,Gwenora,Le Gassick,glegassicko3@sphinn.com,Female,405,3.5126215,33.9750018
869,Tim,Conichie,tconichieo4@uiuc.edu,Male,577,12.7854969,45.0186548
870,Isahella,McLukie,imclukieo5@cdc.gov,Female,801,19.4102526,-99.0073673
871,Saunders,Jochens,sjochenso6@creativecommons.org,Male,962,-12.0271668,-75.3743736
872,Henka,Merrifield,hmerrifieldo7@behance.net,Female,-254,34.3686746,-1.8354908
873,Gun,Harrowing,gharrowingo8@guardian.co.uk,Male,-981,4.4721794,-75.7255192
874,Gordie,Glasner,gglasnero9@merriam-webster.com,Male,610,52.426804,22.8637518
875,Glynnis,Buller,gbulleroa@state.gov,Female,-820,-8.3921715,115.2956118
876,Hatti,Bellew,hbellewob@alibaba.com,Female,-424,34.4311398,8.7756556
877,Leigha,Goch,lgochoc@vk.com,Female,175,37.045911,111.831552
878,Cass,Porte,cporteod@microsoft.com,Male,926,48.5851876,7.7342943
879,Krysta,Oliveira,koliveiraoe@nhs.uk,Female,-870,-34.6126135,-58.5321306
880,Dorene,Leitch,dleitchof@fc2.com,Female,-533,-10.8416198,39.6285874
881,Neal,Toma,ntomaog@microsoft.com,Male,498,55.73325,37.0410363
882,Dur,Pavlasek,dpavlasekoh@ihg.com,Male,-616,49.7938443,36.0269813
883,Saunder,Dowyer,sdowyeroi@mashable.com,Male,867,28.650072,121.261886
884,Killian,Burkill,kburkilloj@privacy.gov.au,Male,981,23.170455,114.419667
885,Thaddeus,Wrintmore,twrintmoreok@weibo.com,Male,-286,55.7498774,37.1754993
886,Chevalier,Ransbury,cransburyol@gizmodo.com,Male,-863,9.6026645,122.4656415
887,Cross,Bowlands,cbowlandsom@google.ca,Male,-470,26.0833976,43.9627492
888,Alexander,Chatelain,achatelainon@opensource.org,Male,123,22.80524,113.293359
889,Lorena,Toyer,ltoyeroo@ucla.edu,Female,988,6.5301553,-10.3441758
890,Isak,Corbitt,icorbittop@newsvine.com,Male,642,31.2057792,35.7593545
891,Clem,Sey,cseyoq@is.gd,Male,838,55.6774662,12.5834168
892,Florence,Balderstone,fbalderstoneor@craigslist.org,Female,712,18.2868231,99.4819782
893,Dougy,Fores,dforesos@tripod.com,Male,51,55.86667,37.5
894,Dione,Mayward,dmaywardot@facebook.com,Female,-625,13.2268,123.6148
895,Martie,Lacotte,mlacotteou@e-recht24.de,Female,587,14.9128369,104.5422225
896,Arel,Bullen,abullenov@fda.gov,Male,333,33.437877,113.609286
897,Issi,Varga,ivargaow@earthlink.net,Female,694,-7.0725035,107.6777669
898,Luis,Freyne,lfreyneox@dailymail.co.uk,Male,-680,50.1661085,22.2214748
899,Dar,Curnow,dcurnowoy@ed.gov,Male,437,39.0041504,-77.0391754
900,Kerby,Carsberg,kcarsbergoz@hubpages.com,Male,-561,-6.2057964,106.7057733
901,Cletus,Partkya,cpartkyap0@ca.gov,Male,-362,36.599744,101.803717
902,Nonna,Fine,nfinep1@techcrunch.com,Female,-252,34.7811851,72.3485015
903,Luella,Blanchet,lblanchetp2@imageshack.us,Female,-440,59.2766517,15.2072783
904,Tina,Tytcomb,ttytcombp3@apache.org,Female,-457,55.5807611,37.7673912
905,Hendrick,Haigh,hhaighp4@amazon.de,Male,-207,4.524233,-74.356481
906,Renelle,Moggach,rmoggachp5@tinyurl.com,Female,602,39.612728,113.497098
907,Marika,Devonside,mdevonsidep6@instagram.com,Female,-241,9.6062133,3.9419415
908,Teodora,Taylour,ttaylourp7@ezinearticles.com,Female,889,16.5662,121.263
909,Alejandra,Gyrgorcewicx,agyrgorcewicxp8@auda.org.au,Female,145,57.6795423,11.9809571
910,Gregoire,Calbert,gcalbertp9@paypal.com,Male,-6,36.99532,59.76472
911,Salim,Parnham,sparnhampa@unblog.fr,Male,-718,32.5362744,-116.9353591
912,Christian,Underhill,cunderhillpb@parallels.com,Female,-238,64.8923524,27.5304357
913,Aridatha,Thirlwell,athirlwellpc@sakura.ne.jp,Female,-118,41.1217553,-8.228543
914,Brendon,Daburn,bdaburnpd@bigcartel.com,Male,-484,-7.5450262,111.6556388
915,Dag,De la Harpe,ddelaharpepe@imgur.com,Male,876,15.6240255,120.3903545
916,Sharline,Westhead,swestheadpf@wsj.com,Female,7,38.371402,117.329949
917,Osbourn,Dewdeny,odewdenypg@webs.com,Male,-21,10.2942407,123.5836143
918,Randy,Standell,rstandellph@angelfire.com,Female,-89,13.7558622,7.986535
919,Elke,Vardon,evardonpi@miibeian.gov.cn,Female,77,27.569678,116.63704
920,Orland,Lyvon,olyvonpj@army.mil,Male,4,47.5054315,6.8426821
921,Aldric,Loudwell,aloudwellpk@odnoklassniki.ru,Male,-903,-7.5242554,108.9145675
922,Gardner,Meigh,gmeighpl@wiley.com,Male,114,30.882557,114.375743
923,Galvan,Rhodes,grhodespm@accuweather.com,Male,-796,30.379545,120.047429
924,Adrian,Fraczkiewicz,afraczkiewiczpn@delicious.com,Male,130,26.694208,115.939083
925,Thatcher,Folks,tfolkspo@fotki.com,Male,-949,44.275895,123.9674831
926,Alyosha,Lanning,alanningpp@nhs.uk,Male,-951,8.26667,5.83333
927,Sande,Lambart,slambartpq@histats.com,Female,-820,17.8579334,-93.1548091
928,Othilie,Muro,omuropr@gravatar.com,Female,111,50.772008,22.956207
929,Dominique,Cutchee,dcutcheeps@themeforest.net,Female,-594,-40.6607937,-72.6131562
930,Northrop,Tremollet,ntremolletpt@chicagotribune.com,Male,612,7.7381338,122.8349537
931,Thibaud,Aspray,taspraypu@virginia.edu,Male,986,-6.7152549,111.4246078
932,Micky,Bolus,mboluspv@prweb.com,Female,253,34.2818498,109.002843
933,Josefa,Janikowski,jjanikowskipw@feedburner.com,Female,361,15.8785099,120.3186429
934,Cory,Van der Son,cvandersonpx@cargocollective.com,Female,-478,-16.8093546,-70.6954668
935,Melita,Dewfall,mdewfallpy@about.me,Female,-651,-7.3052247,108.3059677
936,Aguistin,Dumke,adumkepz@engadget.com,Male,-150,46.190375,126.656651
937,Lula,Eacott,leacottq0@jigsy.com,Female,-337,42.4657861,1.4921277
938,Kiele,Fillis,kfillisq1@is.gd,Female,53,28.805453,104.802326
939,Heindrick,Hoys,hhoysq2@bloglovin.com,Male,-302,57.716,60.6484
940,Didi,Pipkin,dpipkinq3@mysql.com,Female,-857,-7.2893545,-34.8403408
941,Maddi,Runnacles,mrunnaclesq4@timesonline.co.uk,Female,-793,-9.4852898,119.1736353
942,Sauncho,Mayo,smayoq5@cisco.com,Male,187,16.1344075,102.2090224
943,Pavel,Vaar,pvaarq6@sogou.com,Male,20,41.4636032,69.1809574
944,Findlay,Meltetal,fmeltetalq7@bloglovin.com,Male,451,32.117935,121.009708
945,Bren,Gudgin,bgudginq8@apache.org,Female,641,46.1055153,-64.8115713
946,Pen,Mayzes,pmayzesq9@histats.com,Male,-801,24.745135,100.824707
947,Nikolas,Robillard,nrobillardqa@accuweather.com,Male,29,42.9612827,46.9788288
948,Reube,Ethelston,rethelstonqb@ucoz.ru,Male,918,26.8718026,100.2358502
949,Reggis,Grinyer,rgrinyerqc@un.org,Male,75,31.09913,121.407386
950,Derwin,Fearn,dfearnqd@prweb.com,Male,356,20.0450379,99.8913421
951,Laurie,Hodjetts,lhodjettsqe@indiatimes.com,Female,445,57.5788645,12.1079009
952,Dave,Glasgow,dglasgowqf@angelfire.com,Male,-755,2.0454995,100.6365483
953,Nevsa,Mansuer,nmansuerqg@hibu.com,Female,835,-2.8429633,33.0817144
954,Barbette,Tague,btagueqh@stumbleupon.com,Female,-617,35.3077846,51.7308724
955,Maria,Fawson,mfawsonqi@dion.ne.jp,Female,-50,30.07225,122.003581
956,Juieta,Fellona,jfellonaqj@pen.io,Female,-48,1.4403744,125.1216524
957,Booth,Lergan,blerganqk@com.com,Male,1,17.1413481,102.7824777
958,Tallulah,Hawkeridge,thawkeridgeql@dmoz.org,Female,-222,49.3359789,20.1084256
959,Dixie,Spincks,dspincksqm@independent.co.uk,Female,-586,40.115306,113.457407
960,Renae,Baiden,rbaidenqn@blogs.com,Female,636,47.4214312,92.2225067
961,Zondra,Shepard,zshepardqo@usatoday.com,Female,894,-3.6964444,103.3876116
962,Andeee,Berg,abergqp@elegantthemes.com,Female,-196,44.8464736,33.6744583
963,Florry,Hitter,fhitterqq@cpanel.net,Female,-193,26.5324775,53.9867949
964,Marty,Carstairs,mcarstairsqr@senate.gov,Male,691,25.941937,117.365052
965,Lucia,McNally,lmcnallyqs@myspace.com,Female,861,32.2187771,70.3898483
966,Kelwin,Toward,ktowardqt@google.nl,Male,-107,-10.573164,121.738421
967,Birgitta,Cluderay,bcluderayqu@psu.edu,Female,-136,58.3227586,44.7564274
968,Kyrstin,Druce,kdruceqv@mapquest.com,Female,-967,-8.2412718,112.0744643
969,Abdel,Flexman,aflexmanqw@auda.org.au,Male,69,33.4646833,48.3389644
970,Ted,Limpricht,tlimprichtqx@tuttocitta.it,Female,-626,11.3451287,-72.3628361
971,Stuart,Lockless,slocklessqy@163.com,Male,589,41.4666138,21.1242667
972,Laurent,Simester,lsimesterqz@sciencedirect.com,Male,-433,27.127669,113.961465
973,Falito,Baumer,fbaumerr0@ucla.edu,Male,-120,29.476705,121.869339
974,Kaleb,Loftin,kloftinr1@nyu.edu,Male,406,-7.0795248,109.0869316
975,Richmound,Scadding,rscaddingr2@zimbio.com,Male,679,59.4050955,17.9551008
976,Carma,Fetherstonhaugh,cfetherstonhaughr3@wp.com,Female,94,-14.6554285,28.0888578
977,Devondra,Hallwell,dhallwellr4@issuu.com,Female,222,50.3235719,22.3273146
978,Chilton,Covotto,ccovottor5@facebook.com,Male,987,42.0223424,43.1936525
979,Maximo,Beauly,mbeaulyr6@narod.ru,Male,-560,34.3227574,134.1742831
980,Willem,Brosini,wbrosinir7@biblegateway.com,Male,335,7.9180075,-71.0601767
981,Georgina,Eccott,geccottr8@msu.edu,Female,993,39.8502497,116.2190658
982,Whittaker,Capin,wcapinr9@dmoz.org,Male,-305,-7.4289773,109.1434108
983,Darbie,Hasker,dhaskerra@google.com,Female,233,43.531892,46.3741404
984,Hettie,Pugh,hpughrb@samsung.com,Female,51,31.875572,120.556005
985,Raddie,Boots,rbootsrc@free.fr,Male,799,39.8647755,-8.9052753
986,Hunt,Girardengo,hgirardengord@hostgator.com,Male,-505,-8.3647,123.5718
987,Haydon,Gianinotti,hgianinottire@gmpg.org,Male,-491,49.9609687,13.9706421
988,Maureene,Brugmann,mbrugmannrf@gizmodo.com,Female,-565,-23.7981763,-48.5962748
989,Karlis,Muino,kmuinorg@accuweather.com,Male,-585,8.0275138,79.8367828
990,Isabeau,Trewinnard,itrewinnardrh@fotki.com,Female,777,-8.1132729,-35.0169621
991,Ricardo,Neathway,rneathwayri@guardian.co.uk,Male,-94,38.5023428,125.7516069
992,Darrell,MacAulay,dmacaulayrj@artisteer.com,Male,81,56.0302709,14.7602035
993,Grove,Spillman,gspillmanrk@istockphoto.com,Male,-164,-6.8482297,106.6802549
994,Jarib,Drinkall,jdrinkallrl@nba.com,Male,876,25.05732,110.450325
995,Emlynne,Sweeney,esweeneyrm@plala.or.jp,Female,442,42.3652917,-71.0646337
996,Felike,Kayzer,fkayzerrn@prnewswire.com,Male,865,-7.5613556,-40.1862129
997,Ethan,Lincey,elinceyro@umich.edu,Male,820,23.096432,113.334825
998,Adelle,Kyllford,akyllfordrp@issuu.com,Female,744,35.657343,107.730679
999,Jamima,Davidek,jdavidekrq@w3.org,Female,-717,37.1597829,-7.9440252
1000,Sofie,Sugars,ssugarsrr@bing.com,Female,986,-13.9535913,-71.7608251
